# Gasóleo de calefacción, sin impuestos (AT)
# Unidad: EUR/l
# Fuente: Comisión Europea, Weekly Oil Bulletin - https://energy.ec.europa.eu/data-and-analysis/weekly-oil-bulletin_en
# Licencia: CC BY 4.0 (Decisión 2011/833/UE) - https://commission.europa.eu/legal-notice_en
# Cita obligatoria: Fuente: Comisión Europea, Weekly Oil Bulletin
# Recopilado por Observatorio de precios de cristalesparachimeneas.es - generado 2026-09-15T04:04:17+00:00
date,value
2005-01-03,0.3065
2005-01-10,0.2966
2005-01-17,0.3045
2005-01-24,0.3106
2005-01-31,0.3214
2005-02-07,0.3161
2005-02-14,0.319
2005-02-21,0.3208
2005-02-28,0.3346
2005-03-07,0.3607
2005-03-14,0.3635
2005-03-21,0.3668
2005-04-04,0.3775
2005-04-11,0.3902
2005-04-18,0.3703
2005-04-25,0.3629
2005-05-02,0.365
2005-05-09,0.3559
2005-05-16,0.3476
2005-05-23,0.3417
2005-05-30,0.3493
2005-06-06,0.3733
2005-06-13,0.3963
2005-06-20,0.4118
2005-06-27,0.4156
2005-07-04,0.4157
2005-07-11,0.4418
2005-07-18,0.4323
2005-07-25,0.4178
2005-08-01,0.4166
2005-08-08,0.4198
2005-08-15,0.4198
2005-08-22,0.4577
2005-08-29,0.4696
2005-09-05,0.5161
2005-09-12,0.4993
2005-09-19,0.4684
2005-09-26,0.4957
2005-10-03,0.5101
2005-10-10,0.4871
2005-10-17,0.4878
2005-10-24,0.4693
2005-11-07,0.444
2005-11-14,0.4322
2005-11-21,0.4263
2005-11-28,0.4211
2005-12-05,0.4239
2005-12-12,0.4311
2005-12-19,0.4389
2006-01-09,0.4396
2006-01-16,0.4304
2006-01-23,0.4404
2006-01-30,0.4434
2006-02-06,0.4447
2006-02-13,0.4377
2006-02-20,0.4359
2006-02-27,0.4382
2006-03-06,0.4567
2006-03-13,0.4432
2006-03-20,0.4565
2006-03-27,0.4544
2006-04-03,0.4669
2006-04-10,0.4664
2006-04-24,0.4929
2006-05-01,0.4866
2006-05-08,0.4737
2006-05-15,0.4817
2006-05-22,0.4628
2006-05-29,0.4726
2006-06-05,0.4767
2006-06-12,0.477
2006-06-19,0.4772
2006-06-26,0.4791
2006-07-03,0.4893
2006-07-10,0.4827
2006-07-17,0.4982
2006-07-24,0.4859
2006-07-31,0.484
2006-08-07,0.5022
2006-08-14,0.5064
2006-08-21,0.4919
2006-08-28,0.5006
2006-09-04,0.4968
2006-09-11,0.4797
2006-09-18,0.441
2006-09-25,0.432
2006-10-02,0.456
2006-10-09,0.4541
2006-10-16,0.4603
2006-10-23,0.459
2006-10-30,0.4566
2006-11-06,0.4467
2006-11-13,0.4555
2006-11-20,0.4476
2006-11-27,0.4309
2006-12-04,0.4395
2006-12-11,0.4319
2006-12-18,0.4223
2007-01-08,0.3901
2007-01-15,0.3767
2007-01-22,0.3668
2007-01-29,0.3823
2007-02-05,0.3949
2007-02-12,0.3989
2007-02-19,0.3879
2007-02-26,0.396
2007-03-05,0.4042
2007-03-12,0.403
2007-03-19,0.3954
2007-03-26,0.395
2007-04-02,0.4196
2007-04-16,0.4256
2007-04-23,0.4129
2007-04-30,0.421
2007-05-07,0.4174
2007-05-14,0.416
2007-05-21,0.4233
2007-05-28,0.4326
2007-06-04,0.4216
2007-06-11,0.4319
2007-06-18,0.44
2007-06-25,0.4439
2007-07-02,0.4437
2007-07-09,0.4462
2007-07-16,0.4514
2007-07-23,0.4487
2007-07-30,0.4478
2007-08-06,0.4504
2007-08-13,0.4341
2007-08-20,0.44
2007-08-27,0.4351
2007-09-03,0.448
2007-09-10,0.4677
2007-09-17,0.4807
2007-09-24,0.483
2007-10-01,0.4796
2007-10-08,0.4697
2007-10-15,0.4749
2007-10-22,0.4882
2007-10-29,0.4953
2007-11-05,0.5171
2007-11-12,0.5365
2007-11-19,0.5318
2007-11-26,0.5468
2007-12-03,0.5351
2007-12-10,0.5199
2007-12-17,0.5335
2008-01-07,0.5531
2008-01-14,0.5267
2008-01-21,0.5152
2008-01-28,0.5096
2008-02-04,0.5138
2008-02-11,0.518
2008-02-18,0.5495
2008-02-25,0.5671
2008-03-03,0.5656
2008-03-10,0.5794
2008-03-17,0.5885
2008-03-31,0.5718
2008-04-07,0.5679
2008-04-14,0.6069
2008-04-21,0.6078
2008-04-28,0.6251
2008-05-05,0.6304
2008-05-12,0.6849
2008-05-19,0.7035
2008-05-26,0.7395
2008-06-02,0.7269
2008-06-09,0.7317
2008-06-16,0.7661
2008-06-23,0.7623
2008-06-30,0.765
2008-07-07,0.7922
2008-07-14,0.7766
2008-07-21,0.7498
2008-07-28,0.718
2008-08-04,0.6986
2008-08-11,0.6613
2008-08-18,0.658
2008-08-25,0.6792
2008-09-01,0.6789
2008-09-08,0.6509
2008-09-15,0.6462
2008-09-22,0.6235
2008-09-29,0.6766
2008-10-06,0.6603
2008-10-13,0.6073
2008-10-20,0.585
2008-10-27,0.6335
2008-11-03,0.5956
2008-11-10,0.579
2008-11-17,0.5307
2008-11-24,0.4612
2008-12-01,0.4434
2008-12-08,0.3973
2008-12-15,0.3881
2009-01-05,0.369
2009-01-12,0.4095
2009-01-19,0.4091
2009-01-26,0.3821
2009-02-02,0.3902
2009-02-09,0.3842
2009-02-16,0.3693
2009-02-23,0.3421
2009-03-02,0.3564
2009-03-09,0.3471
2009-03-16,0.3503
2009-03-23,0.3791
2009-03-30,0.4014
2009-04-06,0.3936
2009-04-20,0.3864
2009-04-27,0.3694
2009-05-04,0.3664
2009-05-11,0.3965
2009-05-18,0.3862
2009-05-25,0.3801
2009-06-01,0.3993
2009-06-08,0.4183
2009-06-15,0.4341
2009-06-22,0.4349
2009-06-29,0.4293
2009-07-06,0.4125
2009-07-13,0.3857
2009-07-20,0.3922
2009-07-27,0.4232
2009-08-03,0.4228
2009-08-10,0.4442
2009-08-17,0.4373
2009-08-24,0.4335
2009-08-31,0.427
2009-09-07,0.4106
2009-09-14,0.4103
2009-09-21,0.4193
2009-09-28,0.3998
2009-10-05,0.4126
2009-10-12,0.4155
2009-10-19,0.4379
2009-10-26,0.4555
2009-11-02,0.4549
2009-11-09,0.4477
2009-11-16,0.4355
2009-11-23,0.4365
2009-11-30,0.427
2009-12-07,0.4331
2009-12-14,0.4209
2009-12-21,0.4344
2010-01-04,0.4586
2010-01-11,0.4772
2010-01-18,0.4595
2010-01-25,0.4465
2010-02-01,0.4456
2010-02-08,0.4504
2010-02-15,0.4511
2010-02-22,0.4715
2010-03-01,0.4759
2010-03-08,0.4881
2010-03-15,0.5008
2010-03-22,0.504
2010-03-29,0.5093
2010-04-12,0.5412
2010-04-19,0.5303
2010-04-26,0.5329
2010-05-03,0.5504
2010-05-10,0.5397
2010-05-17,0.5444
2010-05-24,0.5135
2010-05-31,0.5233
2010-06-07,0.5339
2010-06-14,0.5397
2010-06-21,0.5529
2010-06-28,0.5436
2010-07-05,0.5136
2010-07-12,0.5129
2010-07-19,0.5071
2010-07-26,0.5111
2010-08-02,0.5077
2010-08-09,0.5239
2010-08-16,0.5091
2010-08-23,0.5057
2010-08-30,0.5076
2010-09-06,0.5138
2010-09-13,0.5267
2010-09-20,0.5203
2010-09-27,0.5172
2010-10-04,0.5314
2010-10-11,0.533
2010-10-18,0.5272
2010-10-25,0.5207
2010-11-08,0.535
2010-11-15,0.5535
2010-11-22,0.5357
2010-11-29,0.5539
2010-12-06,0.5775
2010-12-13,0.5846
2010-12-20,0.5769
2011-01-03,0.5924
2011-01-10,0.5951
2011-01-17,0.6095
2011-01-24,0.5949
2011-01-31,0.5966
2011-02-07,0.6191
2011-02-14,0.6218
2011-02-21,0.6335
2011-02-28,0.6564
2011-03-07,0.6807
2011-03-14,0.6772
2011-03-21,0.669
2011-03-28,0.6777
2011-04-04,0.6846
2011-04-11,0.6987
2011-04-18,0.6846
2011-05-02,0.6791
2011-05-09,0.6417
2011-05-16,0.636
2011-05-23,0.632
2011-05-30,0.6464
2011-06-06,0.6487
2011-06-13,0.6558
2011-06-20,0.6531
2011-06-27,0.6185
2011-07-04,0.629
2011-07-11,0.6581
2011-07-18,0.6685
2011-07-25,0.6698
2011-08-01,0.665
2011-08-08,0.6489
2011-08-22,0.632
2011-08-29,0.6449
2011-09-05,0.6529
2011-09-12,0.6564
2011-09-19,0.669
2011-09-26,0.6613
2011-10-03,0.6525
2011-10-10,0.6601
2011-10-17,0.6781
2011-10-24,0.6885
2011-10-31,0.6875
2011-11-07,0.6946
2011-11-14,0.7231
2011-11-21,0.7249
2011-11-28,0.7073
2011-12-05,0.7014
2011-12-12,0.699
2011-12-19,0.6788
2012-01-09,0.7166
2012-01-16,0.7284
2012-01-23,0.7101
2012-01-30,0.7065
2012-02-06,0.7091
2012-02-13,0.7381
2012-02-20,0.7502
2012-02-27,0.7484
2012-03-05,0.7411
2012-03-12,0.7531
2012-03-19,0.7543
2012-03-26,0.749
2012-04-02,0.7389
2012-04-16,0.735
2012-04-23,0.7329
2012-04-30,0.7345
2012-05-07,0.7264
2012-05-14,0.7118
2012-05-21,0.7083
2012-05-28,0.7042
2012-06-04,0.6899
2012-06-11,0.6761
2012-06-18,0.6696
2012-06-25,0.658
2012-07-02,0.6634
2012-07-09,0.7064
2012-07-16,0.7016
2012-07-23,0.7204
2012-07-30,0.7211
2012-08-06,0.7191
2012-08-13,0.7469
2012-08-20,0.7619
2012-08-27,0.7572
2012-09-03,0.7536
2012-09-10,0.7538
2012-09-17,0.75
2012-09-24,0.7285
2012-10-01,0.7391
2012-10-08,0.7347
2012-10-15,0.7562
2012-10-22,0.7478
2012-10-29,0.7407
2012-11-05,0.7284
2012-11-12,0.7195
2012-11-19,0.7171
2012-11-26,0.7232
2012-12-03,0.7174
2012-12-10,0.6907
2012-12-17,0.6926
2013-01-07,0.698
2013-01-14,0.7004
2013-01-21,0.6993
2013-01-28,0.7021
2013-02-04,0.7081
2013-02-11,0.7246
2013-02-18,0.7254
2013-02-25,0.7165
2013-03-04,0.696
2013-03-11,0.6924
2013-03-18,0.686
2013-03-25,0.6825
2013-04-08,0.6795
2013-04-15,0.6587
2013-04-22,0.6417
2013-04-29,0.6628
2013-05-06,0.6505
2013-05-13,0.6565
2013-05-20,0.6695
2013-05-27,0.6549
2013-06-03,0.6572
2013-06-10,0.66
2013-06-17,0.6608
2013-06-24,0.6562
2013-07-01,0.6691
2013-07-08,0.6803
2013-07-15,0.6831
2013-07-22,0.6896
2013-07-29,0.6784
2013-08-05,0.6826
2013-08-12,0.6683
2013-08-19,0.6824
2013-08-26,0.6829
2013-09-02,0.7085
2013-09-09,0.713
2013-09-16,0.7009
2013-09-23,0.6844
2013-09-30,0.6779
2013-10-07,0.6775
2013-10-14,0.6843
2013-10-21,0.6774
2013-10-28,0.663
2013-11-04,0.6713
2013-11-11,0.6611
2013-11-18,0.6671
2013-11-25,0.6748
2013-12-02,0.6744
2013-12-09,0.6776
2013-12-16,0.6646
2014-01-06,0.6667
2014-01-13,0.657
2014-01-20,0.6577
2014-01-27,0.6587
2014-02-03,0.6617
2014-02-10,0.6612
2014-02-17,0.6594
2014-02-24,0.6647
2014-03-03,0.66
2014-03-10,0.6514
2014-03-17,0.6391
2014-03-24,0.6428
2014-03-31,0.6449
2014-04-07,0.6392
2014-04-14,0.6407
2014-04-28,0.6515
2014-05-05,0.646
2014-05-12,0.643
2014-05-19,0.6535
2014-05-26,0.6551
2014-06-02,0.6545
2014-06-09,0.6448
2014-06-16,0.6593
2014-06-23,0.6713
2014-06-30,0.6654
2014-07-07,0.6529
2014-07-14,0.6423
2014-07-21,0.6453
2014-07-28,0.6475
2014-08-04,0.653
2014-08-11,0.6493
2014-08-18,0.6453
2014-08-25,0.6461
2014-09-01,0.654
2014-09-08,0.6571
2014-09-15,0.6422
2014-09-22,0.6419
2014-09-29,0.641
2014-10-06,0.6345
2014-10-13,0.6184
2014-10-20,0.5944
2014-10-27,0.6003
2014-11-03,0.6045
2014-11-10,0.5982
2014-11-17,0.585
2014-11-24,0.5791
2014-12-01,0.5482
2014-12-08,0.5281
2014-12-15,0.4978
2015-01-05,0.4807
2015-01-12,0.4604
2015-01-19,0.4476
2015-01-26,0.455
2015-02-02,0.4564
2015-02-09,0.5059
2015-02-16,0.5273
2015-02-23,0.5319
2015-03-02,0.5345
2015-03-09,0.5316
2015-03-16,0.52
2015-03-23,0.5069
2015-03-30,0.5149
2015-04-13,0.5115
2015-04-20,0.531
2015-04-27,0.5412
2015-05-04,0.541
2015-05-11,0.545
2015-05-18,0.5448
2015-05-25,0.5472
2015-06-01,0.545
2015-06-08,0.5324
2015-06-15,0.533
2015-06-22,0.521
2015-06-29,0.525
2015-07-06,0.5181
2015-07-13,0.5032
2015-07-20,0.491
2015-07-27,0.4829
2015-08-03,0.4704
2015-08-10,0.4541
2015-08-17,0.4536
2015-08-24,0.441
2015-08-31,0.4577
2015-09-07,0.4662
2015-09-14,0.4608
2015-09-21,0.4577
2015-09-28,0.4645
2015-10-05,0.4604
2015-10-12,0.4663
2015-10-19,0.4491
2015-10-26,0.4455
2015-11-02,0.4486
2015-11-09,0.4537
2015-11-16,0.44
2015-11-23,0.4349
2015-11-30,0.4354
2015-12-07,0.4131
2015-12-14,0.3768
2016-01-04,0.3636
2016-01-11,0.3463
2016-01-18,0.3293
2016-01-25,0.3217
2016-02-01,0.337
2016-02-08,0.3371
2016-02-15,0.3311
2016-02-22,0.3394
2016-02-29,0.3445
2016-03-07,0.3581
2016-03-14,0.3737
2016-03-21,0.3733
2016-04-04,0.3589
2016-04-11,0.3585
2016-04-18,0.3706
2016-04-25,0.3899
2016-05-02,0.4065
2016-05-09,0.397
2016-05-16,0.4115
2016-05-23,0.4202
2016-05-30,0.4279
2016-06-06,0.4317
2016-06-13,0.433
2016-06-20,0.4219
2016-06-27,0.4223
2016-07-04,0.4202
2016-07-11,0.4092
2016-07-18,0.4021
2016-07-25,0.3957
2016-08-01,0.3854
2016-08-08,0.3781
2016-08-15,0.4046
2016-08-22,0.4189
2016-08-29,0.4178
2016-09-05,0.412
2016-09-12,0.4114
2016-09-19,0.4047
2016-09-26,0.4098
2016-10-03,0.4247
2016-10-10,0.4471
2016-10-17,0.4501
2016-10-24,0.4506
2016-10-31,0.4529
2016-11-07,0.4263
2016-11-14,0.4183
2016-11-21,0.429
2016-11-28,0.4417
2016-12-05,0.4684
2016-12-12,0.477
2016-12-19,0.4837
2017-01-02,0.4976
2017-01-09,0.4972
2017-01-16,0.4903
2017-01-23,0.4866
2017-01-30,0.4876
2017-02-06,0.4887
2017-02-13,0.4905
2017-02-20,0.4883
2017-02-27,0.4939
2017-03-06,0.4849
2017-03-13,0.4746
2017-03-20,0.458
2017-03-27,0.4523
2017-04-03,0.4631
2017-04-10,0.478
2017-04-24,0.4679
2017-05-01,0.4527
2017-05-08,0.4377
2017-05-15,0.4462
2017-05-22,0.4492
2017-05-29,0.4495
2017-06-05,0.434
2017-06-12,0.422
2017-06-19,0.4193
2017-06-26,0.4107
2017-07-03,0.4188
2017-07-10,0.4235
2017-07-17,0.4253
2017-07-24,0.4292
2017-07-31,0.4352
2017-08-07,0.4384
2017-08-14,0.4361
2017-08-21,0.4297
2017-08-28,0.431
2017-09-04,0.446
2017-09-11,0.4607
2017-09-18,0.461
2017-09-25,0.4657
2017-10-02,0.4766
2017-10-09,0.4657
2017-10-16,0.4649
2017-10-23,0.4685
2017-10-30,0.4729
2017-11-06,0.4866
2017-11-13,0.5028
2017-11-20,0.4914
2017-11-27,0.4904
2017-12-04,0.4932
2017-12-11,0.4913
2017-12-18,0.4985
2018-01-01,0.5156
2018-01-08,0.5155
2018-01-15,0.5175
2018-01-22,0.5112
2018-01-29,0.5113
2018-02-05,0.5031
2018-02-12,0.485
2018-02-19,0.4785
2018-02-26,0.4915
2018-03-05,0.491
2018-03-12,0.4856
2018-03-19,0.4858
2018-03-26,0.5014
2018-04-09,0.5074
2018-04-16,0.5246
2018-04-23,0.5269
2018-04-30,0.5399
2018-05-07,0.5461
2018-05-14,0.5639
2018-05-21,0.5845
2018-05-28,0.5827
2018-06-04,0.5782
2018-06-11,0.5705
2018-06-18,0.5639
2018-06-25,0.5566
2018-07-02,0.5681
2018-07-09,0.567
2018-07-16,0.5586
2018-07-23,0.553
2018-07-30,0.5637
2018-08-06,0.5602
2018-08-13,0.5669
2018-08-20,0.5676
2018-08-27,0.5775
2018-09-03,0.5895
2018-09-10,0.6002
2018-09-17,0.6013
2018-09-24,0.5967
2018-10-01,0.6171
2018-10-08,0.6453
2018-10-15,0.6515
2018-10-22,0.6554
2018-10-29,0.6649
2018-11-05,0.6571
2018-11-12,0.6553
2018-11-19,0.64
2018-11-26,0.6007
2018-12-03,0.564
2018-12-10,0.5546
2018-12-17,0.5397
2019-01-07,0.5149
2019-01-14,0.5272
2019-01-21,0.5309
2019-01-28,0.534
2019-02-04,0.5355
2019-02-11,0.5382
2019-02-18,0.5516
2019-02-25,0.5564
2019-03-04,0.5589
2019-03-11,0.5604
2019-03-18,0.5564
2019-03-25,0.5516
2019-04-01,0.5509
2019-04-08,0.5636
2019-04-15,0.5689
2019-04-29,0.5795
2019-05-06,0.5802
2019-05-13,0.5791
2019-05-20,0.5899
2019-05-27,0.5705
2019-06-03,0.5583
2019-06-10,0.5307
2019-06-17,0.5318
2019-06-24,0.5465
2019-07-01,0.5515
2019-07-08,0.5423
2019-07-15,0.556
2019-07-22,0.5446
2019-07-29,0.5494
2019-08-05,0.5477
2019-08-12,0.5296
2019-08-19,0.5375
2019-08-26,0.5405
2019-09-02,0.5409
2019-09-09,0.5477
2019-09-16,0.566
2019-09-23,0.5789
2019-09-30,0.5705
2019-10-07,0.5573
2019-10-14,0.5548
2019-10-21,0.5489
2019-10-28,0.5446
2019-11-04,0.5422
2019-11-11,0.5432
2019-11-18,0.545
2019-11-25,0.5415
2019-12-02,0.5456
2019-12-09,0.5446
2019-12-16,0.5478
2020-01-06,0.5661
2020-01-13,0.5521
2020-01-20,0.5372
2020-01-27,0.5185
2020-02-03,0.4964
2020-02-10,0.4843
2020-02-17,0.4906
2020-02-24,0.4953
2020-03-02,0.4564
2020-03-09,0.4431
2020-03-16,0.4362
2020-03-23,0.4201
2020-03-30,0.4117
2020-04-06,0.4098
2020-04-20,0.404
2020-04-27,0.3819
2020-05-04,0.3798
2020-05-11,0.3819
2020-05-18,0.3789
2020-05-25,0.3856
2020-06-01,0.381
2020-06-08,0.3845
2020-06-15,0.3834
2020-06-22,0.3906
2020-06-29,0.3836
2020-07-06,0.3838
2020-07-13,0.3838
2020-07-20,0.3764
2020-07-27,0.3762
2020-08-03,0.3762
2020-08-10,0.3699
2020-08-17,0.3693
2020-08-24,0.3642
2020-08-31,0.3601
2020-09-07,0.3557
2020-09-14,0.3418
2020-09-21,0.3374
2020-09-28,0.3326
2020-10-05,0.3343
2020-10-12,0.3423
2020-10-19,0.3416
2020-10-26,0.3371
2020-11-02,0.3282
2020-11-09,0.3337
2020-11-16,0.349
2020-11-23,0.3507
2020-11-30,0.3654
2020-12-07,0.3724
2020-12-14,0.3807
2020-12-21,0.387
2021-01-11,0.4008
2021-01-18,0.4091
2021-01-25,0.4132
2021-02-01,0.4127
2021-02-08,0.4338
2021-02-15,0.4424
2021-02-22,0.4567
2021-03-01,0.4618
2021-03-08,0.4707
2021-03-15,0.4773
2021-03-22,0.4645
2021-03-29,0.458
2021-04-12,0.4563
2021-04-19,0.4659
2021-04-26,0.4627
2021-05-03,0.4678
2021-05-10,0.4823
2021-05-17,0.4831
2021-05-24,0.481
2021-05-31,0.4843
2021-06-07,0.4935
2021-06-14,0.4966
2021-06-21,0.5065
2021-06-28,0.5156
2021-07-05,0.5203
2021-07-12,0.5215
2021-07-19,0.5229
2021-07-26,0.5188
2021-08-02,0.5223
2021-08-09,0.5134
2021-08-16,0.5121
2021-08-23,0.5024
2021-08-30,0.5151
2021-09-06,0.5265
2021-09-13,0.5258
2021-09-20,0.5426
2021-09-27,0.5593
2021-10-04,0.5826
2021-10-11,0.6156
2021-10-18,0.6352
2021-10-25,0.6393
2021-11-01,0.6377
2021-11-08,0.6351
2021-11-15,0.6366
2021-11-22,0.6213
2021-11-29,0.6102
2021-12-06,0.5869
2021-12-13,0.5908
2021-12-20,0.5938
2022-01-03,0.6097
2022-01-10,0.6261
2022-01-17,0.6484
2022-01-24,0.6664
2022-01-31,0.6853
2022-02-07,0.707
2022-02-14,0.715
2022-02-21,0.7156
2022-02-28,0.7647
2022-03-07,1.1017
2022-03-14,1.371
2022-03-21,1.2096
2022-03-28,1.1856
2022-04-04,1.0585
2022-04-11,0.9981
2022-04-25,1.011
2022-05-02,1.0517
2022-05-09,1.0847
2022-05-16,1.0528
2022-05-23,1.0279
2022-05-30,1.0318
2022-06-06,1.1378
2022-06-13,1.1957
2022-06-20,1.2092
2022-06-27,1.2038
2022-07-04,1.1798
2022-07-11,1.1764
2022-07-18,1.2281
2022-07-25,1.2152
2022-08-01,1.2104
2022-08-08,1.1667
2022-08-15,1.1518
2022-08-22,1.1618
2022-08-29,1.2045
2022-09-05,1.1992
2022-09-12,1.2047
2022-09-19,1.2049
2022-09-26,1.2348
2022-10-03,1.2849
2022-10-10,1.3031
2022-10-17,1.3193
2022-10-24,1.2866
2022-10-31,1.1887
2022-11-07,1.1491
2022-11-14,1.0762
2022-11-21,1.0762
2022-11-28,0.9868
2022-12-05,0.9487
2022-12-12,0.9185
2022-12-19,0.937
2022-12-26,0.9435
2023-01-02,0.9553
2023-01-09,0.924
2023-01-16,0.9057
2023-01-23,0.9076
2023-01-30,0.9188
2023-02-06,0.8744
2023-02-13,0.8522
2023-02-20,0.8383
2023-02-27,0.8266
2023-03-06,0.8337
2023-03-13,0.8187
2023-03-20,0.7885
2023-03-27,0.7842
2023-04-03,0.7767
2023-04-10,0.7837
2023-04-17,0.7773
2023-04-24,0.7539
2023-05-01,0.7339
2023-05-08,0.7074
2023-05-15,0.7053
2023-05-22,0.7062
2023-05-29,0.7033
2023-06-05,0.7031
2023-06-12,0.712
2023-06-19,0.7162
2023-06-26,0.7131
2023-07-03,0.7113
2023-07-10,0.7165
2023-07-17,0.7255
2023-07-24,0.7309
2023-07-31,0.7788
2023-08-07,0.8204
2023-08-14,0.8573
2023-08-21,0.8521
2023-08-28,0.8594
2023-09-04,0.8621
2023-09-11,0.894
2023-09-18,0.9225
2023-09-25,0.9264
2023-10-02,0.9366
2023-10-09,0.8974
2023-10-16,0.9109
2023-10-23,0.9149
2023-10-30,0.9016
2023-11-06,0.8933
2023-11-13,0.8552
2023-11-20,0.8352
2023-12-04,0.8136
2023-12-11,0.8069
2023-12-18,0.7948
2023-12-25,0.8071
2024-01-01,0.8071
2024-01-08,0.7751
2024-01-15,0.773
2024-01-22,0.7712
2024-01-29,0.785
2024-02-05,0.8002
2024-02-12,0.8226
2024-02-19,0.8261
2024-02-26,0.8156
2024-03-04,0.8004
2024-03-11,0.7887
2024-03-18,0.783
2024-03-25,0.7871
2024-04-01,0.7841
2024-04-08,0.7846
2024-04-15,0.7944
2024-04-22,0.7844
2024-04-29,0.7764
2024-05-06,0.7631
2024-05-13,0.7542
2024-05-20,0.7443
2024-05-27,0.7398
2024-06-03,0.7375
2024-06-10,0.7168
2024-06-17,0.7393
2024-06-24,0.752
2024-07-01,0.7571
2024-07-08,0.7657
2024-07-15,0.7562
2024-07-22,0.7462
2024-07-29,0.7367
2024-08-05,0.723
2024-08-12,0.7078
2024-08-19,0.7044
2024-08-26,0.6874
2024-09-02,0.6874
2024-09-09,0.6756
2024-09-16,0.6643
2024-09-23,0.6641
2024-09-30,0.6628
2024-10-07,0.6894
2024-10-14,0.6962
2024-10-21,0.6783
2024-10-28,0.6749
2024-11-04,0.6687
2024-11-11,0.675
2024-11-18,0.6743
2024-11-25,0.6894
2024-12-02,0.6899
2024-12-09,0.6827
2024-12-16,0.6935
2024-12-23,0.7012
2024-12-30,0.7129
2025-01-06,0.7015
2025-01-13,0.7158
2025-01-20,0.7453
2025-01-27,0.7327
2025-02-03,0.7206
2025-02-10,0.7138
2025-02-17,0.7126
2025-02-24,0.715
2025-03-03,0.7018
2025-03-10,0.6742
2025-03-17,0.6631
2025-03-24,0.6577
2025-03-31,0.6948
2025-04-07,0.6394
2025-04-14,0.6189
2025-04-21,0.6147
2025-04-28,0.612
2025-05-05,0.5973
2025-05-12,0.5896
2025-05-19,0.6013
2025-05-26,0.5979
2025-06-02,0.5943
2025-06-09,0.602
2025-06-16,0.6454
2025-06-23,0.6329
2025-06-30,0.6749
2025-07-07,0.6783
2025-07-14,0.6834
2025-07-21,0.6865
2025-07-28,0.6714
2025-08-04,0.6683
2025-08-11,0.6425
2025-08-18,0.6373
2025-08-25,0.6336
2025-09-01,0.6292
2025-09-08,0.6492
2025-09-15,0.6331
2025-09-22,0.6404
2025-09-29,0.6518
2025-10-06,0.6377
2025-10-13,0.6393
2025-10-20,0.6142
2025-10-27,0.6485
2025-11-03,0.6581
2025-11-10,0.6868
2025-11-17,0.6979
2025-11-24,0.7157
2025-12-01,0.6837
2025-12-08,0.6558
2025-12-15,0.6395
2025-12-22,0.6283
2025-12-29,0.6268
2026-01-05,0.6233
2026-01-12,0.6188
2026-01-19,0.6224
2026-01-26,0.628
2026-02-02,0.6501
2026-02-09,0.6428
2026-02-16,0.6355
2026-02-23,0.6603
2026-03-02,0.7478
2026-03-09,1.0987
2026-03-16,1.0934
2026-03-23,1.1934
2026-03-30,1.2022
2026-04-06,1.2748
2026-04-13,1.2153
2026-04-20,1.1359
2026-04-27,1.1043
2026-05-04,1.123
2026-05-11,1.0455
2026-05-18,1.0308
2026-05-25,1.0042
2026-06-01,0.9466
2026-06-08,0.9522
2026-06-15,0.9031
2026-06-22,0.8406
2026-06-29,0.8036
2026-07-06,0.8333
2026-07-13,0.9203
2026-07-20,1.0261
2026-07-27,1.0726
2026-08-03,1.0908
2026-08-10,1.03
2026-08-17,1.0784
2026-08-24,1.1062
2026-08-31,1.0835
2026-09-07,1.1697
