# Gasóleo de calefacción, sin impuestos (ES)
# Unidad: EUR/l
# Fuente: Comisión Europea, Weekly Oil Bulletin - https://energy.ec.europa.eu/data-and-analysis/weekly-oil-bulletin_en
# Licencia: CC BY 4.0 (Decisión 2011/833/UE) - https://commission.europa.eu/legal-notice_en
# Cita obligatoria: Fuente: Comisión Europea, Weekly Oil Bulletin
# Recopilado por Observatorio de precios de cristalesparachimeneas.es - generado 2026-09-21T09:56:10+00:00
date,value
2005-01-03,0.3342
2005-01-10,0.3026
2005-01-17,0.2999
2005-01-24,0.3053
2005-01-31,0.3141
2005-02-07,0.322
2005-02-14,0.3169
2005-02-21,0.3177
2005-02-28,0.3181
2005-03-07,0.331
2005-03-14,0.3564
2005-03-21,0.3665
2005-04-04,0.3783
2005-04-11,0.3813
2005-04-18,0.3874
2005-04-25,0.3784
2005-05-02,0.3661
2005-05-09,0.335
2005-05-16,0.355
2005-05-23,0.3507
2005-05-30,0.3443
2005-06-06,0.3561
2005-06-13,0.3665
2005-06-20,0.4013
2005-06-27,0.4139
2005-07-04,0.4161
2005-07-11,0.4183
2005-07-18,0.432
2005-07-25,0.4285
2005-08-01,0.4189
2005-08-08,0.4168
2005-08-15,0.4168
2005-08-22,0.4374
2005-08-29,0.4515
2005-09-05,0.4569
2005-09-12,0.4625
2005-09-19,0.467
2005-09-26,0.4576
2005-10-03,0.4741
2005-10-10,0.4743
2005-10-17,0.4817
2005-10-24,0.4709
2005-11-07,0.4557
2005-11-14,0.4424
2005-11-21,0.4278
2005-11-28,0.4111
2005-12-05,0.4081
2005-12-12,0.4011
2005-12-19,0.409
2006-01-09,0.4171
2006-01-16,0.4198
2006-01-23,0.4341
2006-01-30,0.4382
2006-02-06,0.4417
2006-02-13,0.4414
2006-02-20,0.4349
2006-02-27,0.4259
2006-03-06,0.4358
2006-03-13,0.4416
2006-03-20,0.441
2006-03-27,0.4366
2006-04-03,0.4416
2006-04-10,0.4461
2006-04-24,0.461
2006-05-01,0.4709
2006-05-08,0.4831
2006-05-15,0.4799
2006-05-22,0.4786
2006-05-29,0.4705
2006-06-05,0.4636
2006-06-12,0.4702
2006-06-19,0.473
2006-06-26,0.4718
2006-07-03,0.4683
2006-07-10,0.4778
2006-07-17,0.4813
2006-07-24,0.4755
2006-07-31,0.4754
2006-08-07,0.4693
2006-08-14,0.4778
2006-08-21,0.484
2006-08-28,0.4829
2006-09-04,0.4682
2006-09-11,0.4685
2006-09-18,0.4499
2006-09-25,0.4269
2006-10-02,0.4234
2006-10-09,0.4157
2006-10-16,0.4178
2006-10-23,0.425
2006-10-30,0.4294
2006-11-06,0.4244
2006-11-13,0.4136
2006-11-20,0.4132
2006-11-27,0.4129
2006-12-04,0.4134
2006-12-11,0.4154
2006-12-18,0.4141
2007-01-08,0.4013
2007-01-15,0.3903
2007-01-22,0.381
2007-01-29,0.3731
2007-02-05,0.376
2007-02-12,0.3844
2007-02-19,0.3914
2007-02-26,0.3945
2007-03-05,0.3932
2007-03-12,0.4027
2007-03-19,0.4076
2007-03-26,0.4038
2007-04-02,0.4017
2007-04-16,0.4288
2007-04-23,0.427
2007-04-30,0.4272
2007-05-07,0.4278
2007-05-14,0.4297
2007-05-21,0.4262
2007-05-28,0.4312
2007-06-04,0.4336
2007-06-11,0.4376
2007-06-18,0.4381
2007-06-25,0.4425
2007-07-02,0.4471
2007-07-09,0.4471
2007-07-16,0.4499
2007-07-23,0.4562
2007-07-30,0.4526
2007-08-06,0.4548
2007-08-13,0.471
2007-08-20,0.4478
2007-08-27,0.4462
2007-09-03,0.4467
2007-09-10,0.4484
2007-09-17,0.457
2007-09-24,0.4703
2007-10-01,0.4814
2007-10-08,0.4782
2007-10-15,0.4795
2007-10-22,0.491
2007-10-29,0.505
2007-11-05,0.523
2007-11-12,0.541
2007-11-19,0.5493
2007-11-26,0.5612
2007-12-03,0.5584
2007-12-10,0.55
2007-12-17,0.5452
2008-01-07,0.5606
2008-01-14,0.5559
2008-01-21,0.5461
2008-01-28,0.5383
2008-02-04,0.5397
2008-02-11,0.5414
2008-02-18,0.5624
2008-02-25,0.5795
2008-03-03,0.5893
2008-03-10,0.6011
2008-03-17,0.6123
2008-03-31,0.6025
2008-04-07,0.5988
2008-04-14,0.6128
2008-04-21,0.6291
2008-04-28,0.6442
2008-05-05,0.652
2008-05-12,0.6917
2008-05-19,0.7165
2008-05-26,0.7402
2008-06-02,0.746
2008-06-09,0.7459
2008-06-16,0.7606
2008-06-23,0.7579
2008-06-30,0.756
2008-07-07,0.7664
2008-07-14,0.7722
2008-07-21,0.7768
2008-07-28,0.7382
2008-08-04,0.7118
2008-08-11,0.6878
2008-08-18,0.6727
2008-08-25,0.6555
2008-09-01,0.6732
2008-09-08,0.6669
2008-09-15,0.6593
2008-09-22,0.6415
2008-09-29,0.6364
2008-10-06,0.6405
2008-10-13,0.6123
2008-10-20,0.5648
2008-10-27,0.5344
2008-11-03,0.5201
2008-11-10,0.5189
2008-11-17,0.5015
2008-11-24,0.4718
2008-12-01,0.4516
2008-12-08,0.4412
2008-12-15,0.4003
2009-01-05,0.3603
2009-01-12,0.3855
2009-01-19,0.3917
2009-01-26,0.3801
2009-02-02,0.3756
2009-02-09,0.3746
2009-02-16,0.3697
2009-02-23,0.3513
2009-03-02,0.3402
2009-03-09,0.3324
2009-03-16,0.3294
2009-03-23,0.3326
2009-03-30,0.3476
2009-04-06,0.3576
2009-04-20,0.3684
2009-04-27,0.3621
2009-05-04,0.3586
2009-05-11,0.3564
2009-05-18,0.3706
2009-05-25,0.3668
2009-06-01,0.3696
2009-06-08,0.3831
2009-06-15,0.4061
2009-06-22,0.4195
2009-06-29,0.4179
2009-07-06,0.4137
2009-07-13,0.3962
2009-07-20,0.3884
2009-07-27,0.3918
2009-08-03,0.4077
2009-08-10,0.4146
2009-08-17,0.4278
2009-08-24,0.4266
2009-08-31,0.4258
2009-09-07,0.419
2009-09-14,0.4106
2009-09-21,0.4047
2009-09-28,0.4009
2009-10-05,0.3973
2009-10-12,0.3938
2009-10-19,0.4127
2009-10-26,0.4247
2009-11-02,0.4306
2009-11-09,0.4352
2009-11-16,0.431
2009-11-23,0.4318
2009-11-30,0.4269
2009-12-07,0.4261
2009-12-14,0.4276
2009-12-21,0.4268
2010-01-04,0.4382
2010-01-11,0.4635
2010-01-18,0.4598
2010-01-25,0.4555
2010-02-01,0.4485
2010-02-08,0.4478
2010-02-15,0.4436
2010-02-22,0.4494
2010-03-01,0.4664
2010-03-08,0.4744
2010-03-15,0.4834
2010-03-22,0.4865
2010-03-29,0.4901
2010-04-12,0.5156
2010-04-19,0.5169
2010-04-26,0.5194
2010-05-03,0.527
2010-05-10,0.5312
2010-05-17,0.5297
2010-05-24,0.5139
2010-05-31,0.5075
2010-06-07,0.5068
2010-06-14,0.5156
2010-06-21,0.5287
2010-06-28,0.537
2010-07-05,0.5278
2010-07-12,0.5121
2010-07-19,0.5084
2010-07-26,0.5041
2010-08-02,0.5066
2010-08-09,0.5127
2010-08-16,0.5142
2010-08-23,0.5032
2010-08-30,0.4975
2010-09-06,0.5002
2010-09-13,0.5039
2010-09-20,0.5133
2010-09-27,0.5095
2010-10-04,0.5089
2010-10-11,0.5135
2010-10-18,0.5148
2010-10-25,0.5124
2010-11-08,0.5113
2010-11-15,0.5213
2010-11-22,0.5242
2010-11-29,0.5297
2010-12-06,0.5417
2010-12-13,0.5516
2010-12-20,0.5695
2011-01-03,0.5738
2011-01-10,0.5749
2011-01-17,0.5883
2011-01-24,0.5913
2011-01-31,0.5891
2011-02-07,0.6011
2011-02-14,0.6037
2011-02-21,0.6137
2011-02-28,0.6285
2011-03-07,0.647
2011-03-14,0.6604
2011-03-21,0.6595
2011-03-28,0.6623
2011-04-04,0.6615
2011-04-11,0.6643
2011-04-18,0.6747
2011-05-02,0.6645
2011-05-09,0.6498
2011-05-16,0.6373
2011-05-23,0.6228
2011-05-30,0.6294
2011-06-06,0.6308
2011-06-13,0.6304
2011-06-20,0.6396
2011-06-27,0.6339
2011-07-04,0.6211
2011-07-11,0.6211
2011-07-18,0.6496
2011-07-25,0.6559
2011-08-01,0.6586
2011-08-08,0.6506
2011-08-22,0.6305
2011-08-29,0.6363
2011-09-05,0.6385
2011-09-12,0.6445
2011-09-19,0.6469
2011-09-26,0.6499
2011-10-03,0.6422
2011-10-10,0.6382
2011-10-17,0.6438
2011-10-24,0.6515
2011-10-31,0.658
2011-11-07,0.6612
2011-11-14,0.6764
2011-11-21,0.688
2011-11-28,0.685
2011-12-05,0.6852
2011-12-12,0.6828
2011-12-19,0.6744
2012-01-09,0.6883
2012-01-16,0.7075
2012-01-23,0.7087
2012-01-30,0.7001
2012-02-06,0.7009
2012-02-13,0.7193
2012-02-20,0.7237
2012-02-27,0.7323
2012-03-05,0.7286
2012-03-12,0.7317
2012-03-19,0.7443
2012-03-26,0.7415
2012-04-02,0.7348
2012-04-16,0.7337
2012-04-23,0.7269
2012-04-30,0.7271
2012-05-07,0.7273
2012-05-14,0.714
2012-05-21,0.7061
2012-05-28,0.7008
2012-06-04,0.6942
2012-06-11,0.6684
2012-06-18,0.6628
2012-06-25,0.6559
2012-07-02,0.6475
2012-07-09,0.6627
2012-07-16,0.6779
2012-07-23,0.7018
2012-07-30,0.7092
2012-08-06,0.7124
2012-08-13,0.7181
2012-08-20,0.7287
2012-08-27,0.749
2012-09-03,0.7426
2012-09-10,0.75
2012-09-17,0.747
2012-09-24,0.732
2012-10-01,0.7231
2012-10-08,0.7259
2012-10-15,0.7342
2012-10-22,0.733
2012-10-29,0.7291
2012-11-05,0.7175
2012-11-12,0.7081
2012-11-19,0.7051
2012-11-26,0.7065
2012-12-03,0.7011
2012-12-10,0.699
2012-12-17,0.6874
2013-01-07,0.6839
2013-01-14,0.693
2013-01-21,0.6926
2013-01-28,0.6968
2013-02-04,0.6958
2013-02-11,0.7038
2013-02-18,0.7125
2013-02-25,0.7157
2013-03-04,0.7011
2013-03-11,0.6871
2013-03-18,0.6862
2013-03-25,0.6781
2013-04-08,0.6771
2013-04-15,0.6631
2013-04-22,0.642
2013-04-29,0.6374
2013-05-06,0.6366
2013-05-13,0.6372
2013-05-20,0.6434
2013-05-27,0.6489
2013-06-03,0.6507
2013-06-10,0.6405
2013-06-17,0.6419
2013-06-24,0.6463
2013-07-01,0.6359
2013-07-08,0.6547
2013-07-15,0.6673
2013-07-22,0.6722
2013-07-29,0.664
2013-08-05,0.6455
2013-08-12,0.6392
2013-08-19,0.6626
2013-08-26,0.6668
2013-09-02,0.6822
2013-09-09,0.6965
2013-09-16,0.6891
2013-09-23,0.6777
2013-09-30,0.6662
2013-10-07,0.6564
2013-10-14,0.6575
2013-10-21,0.6571
2013-10-28,0.6619
2013-11-04,0.6498
2013-11-11,0.6481
2013-11-18,0.6473
2013-11-25,0.6519
2013-12-02,0.6632
2013-12-09,0.6579
2013-12-16,0.6579
2014-01-06,0.6663
2014-01-13,0.6532
2014-01-20,0.6574
2014-01-27,0.647
2014-02-03,0.6502
2014-02-10,0.6521
2014-02-17,0.6489
2014-02-24,0.6523
2014-03-03,0.6495
2014-03-10,0.6492
2014-03-17,0.6394
2014-03-24,0.6303
2014-03-31,0.6345
2014-04-07,0.6293
2014-04-14,0.6298
2014-04-28,0.635
2014-05-05,0.6353
2014-05-12,0.6311
2014-05-19,0.6351
2014-05-26,0.6401
2014-06-02,0.6416
2014-06-09,0.6351
2014-06-16,0.6356
2014-06-23,0.6451
2014-06-30,0.6489
2014-07-07,0.6444
2014-07-14,0.6387
2014-07-21,0.635
2014-07-28,0.6296
2014-08-04,0.6334
2014-08-11,0.6332
2014-08-18,0.6351
2014-08-25,0.6305
2014-09-01,0.631
2014-09-08,0.6318
2014-09-15,0.6302
2014-09-22,0.6307
2014-09-29,0.6233
2014-10-06,0.6207
2014-10-13,0.6079
2014-10-20,0.5834
2014-10-27,0.5835
2014-11-03,0.583
2014-11-10,0.5839
2014-11-17,0.5813
2014-11-24,0.5622
2014-12-01,0.5547
2014-12-08,0.5433
2014-12-15,0.512
2015-01-05,0.4614
2015-01-12,0.4424
2015-01-19,0.4303
2015-01-26,0.4243
2015-02-02,0.4315
2015-02-09,0.4689
2015-02-16,0.4847
2015-02-23,0.4986
2015-03-02,0.5034
2015-03-09,0.5096
2015-03-16,0.5063
2015-03-23,0.4965
2015-03-30,0.4941
2015-04-13,0.4888
2015-04-20,0.5021
2015-04-27,0.5166
2015-05-04,0.5254
2015-05-11,0.5278
2015-05-18,0.5268
2015-05-25,0.5259
2015-06-01,0.5286
2015-06-08,0.5304
2015-06-15,0.5091
2015-06-22,0.5084
2015-06-29,0.5085
2015-07-06,0.5052
2015-07-13,0.4985
2015-07-20,0.4894
2015-07-27,0.4879
2015-08-03,0.4705
2015-08-10,0.4585
2015-08-17,0.4571
2015-08-24,0.4405
2015-08-31,0.412
2015-09-07,0.4238
2015-09-14,0.4358
2015-09-21,0.4226
2015-09-28,0.4236
2015-10-05,0.4238
2015-10-12,0.4315
2015-10-19,0.4174
2015-10-26,0.4102
2015-11-02,0.4139
2015-11-09,0.42
2015-11-16,0.4205
2015-11-23,0.4109
2015-11-30,0.4106
2015-12-07,0.406
2015-12-14,0.3742
2016-01-04,0.3365
2016-01-11,0.3348
2016-01-18,0.3157
2016-01-25,0.2985
2016-02-01,0.3085
2016-02-08,0.313
2016-02-15,0.3057
2016-02-22,0.3148
2016-02-29,0.3064
2016-03-07,0.3214
2016-03-14,0.3344
2016-03-21,0.3417
2016-04-04,0.3382
2016-04-11,0.3319
2016-04-18,0.3406
2016-04-25,0.3474
2016-05-02,0.3584
2016-05-09,0.3631
2016-05-16,0.3646
2016-05-23,0.379
2016-05-30,0.3913
2016-06-06,0.4032
2016-06-13,0.4036
2016-06-20,0.4005
2016-06-27,0.4012
2016-07-04,0.3972
2016-07-11,0.3995
2016-07-18,0.3882
2016-07-25,0.3855
2016-08-01,0.3752
2016-08-08,0.3925
2016-08-15,0.4268
2016-08-22,0.4215
2016-08-29,0.4672
2016-09-05,0.4458
2016-09-12,0.3827
2016-09-19,0.3858
2016-09-26,0.3909
2016-10-03,0.392
2016-10-10,0.409
2016-10-17,0.416
2016-10-24,0.4164
2016-10-31,0.4185
2016-11-07,0.41
2016-11-14,0.4017
2016-11-21,0.3996
2016-11-28,0.412
2016-12-05,0.4236
2016-12-12,0.4427
2016-12-19,0.4488
2017-01-02,0.4654
2017-01-09,0.4782
2017-01-16,0.5171
2017-01-23,0.5365
2017-01-30,0.5176
2017-02-06,0.508
2017-02-13,0.487
2017-02-20,0.4807
2017-02-27,0.4833
2017-03-06,0.4802
2017-03-13,0.4711
2017-03-20,0.4658
2017-03-27,0.4549
2017-04-03,0.4482
2017-04-10,0.4618
2017-04-24,0.4666
2017-05-01,0.4649
2017-05-08,0.4754
2017-05-15,0.4337
2017-05-22,0.4381
2017-05-29,0.437
2017-06-05,0.4303
2017-06-12,0.4233
2017-06-19,0.4058
2017-06-26,0.3858
2017-07-03,0.4012
2017-07-10,0.4035
2017-07-17,0.4029
2017-07-24,0.4025
2017-07-31,0.4019
2017-08-07,0.4206
2017-08-14,0.4227
2017-08-21,0.4188
2017-08-28,0.4143
2017-09-04,0.4206
2017-09-11,0.4329
2017-09-18,0.4304
2017-09-25,0.4358
2017-10-02,0.426
2017-10-09,0.444
2017-10-16,0.4423
2017-10-23,0.4431
2017-10-30,0.4466
2017-11-06,0.4536
2017-11-13,0.4747
2017-11-20,0.4722
2017-11-27,0.4735
2017-12-04,0.4769
2017-12-11,0.4788
2017-12-18,0.4802
2018-01-01,0.4825
2018-01-08,0.5006
2018-01-15,0.5148
2018-01-22,0.5128
2018-01-29,0.5101
2018-02-05,0.5042
2018-02-12,0.4937
2018-02-19,0.4773
2018-02-26,0.4769
2018-03-05,0.4811
2018-03-12,0.4745
2018-03-19,0.4719
2018-03-26,0.4683
2018-04-09,0.4941
2018-04-16,0.5017
2018-04-23,0.508
2018-04-30,0.5046
2018-05-07,0.5223
2018-05-14,0.5234
2018-05-21,0.5464
2018-05-28,0.5521
2018-06-04,0.5595
2018-06-11,0.5508
2018-06-18,0.5538
2018-06-25,0.5522
2018-07-02,0.5514
2018-07-09,0.5619
2018-07-16,0.5503
2018-07-23,0.554
2018-07-30,0.555
2018-08-06,0.5549
2018-08-13,0.5553
2018-08-20,0.5579
2018-08-27,0.5559
2018-09-03,0.5616
2018-09-10,0.5732
2018-09-17,0.5631
2018-09-24,0.5755
2018-10-01,0.5888
2018-10-08,0.6235
2018-10-15,0.6188
2018-10-22,0.6074
2018-10-29,0.6105
2018-11-05,0.6065
2018-11-12,0.5929
2018-11-19,0.5839
2018-11-26,0.5617
2018-12-03,0.5363
2018-12-10,0.5271
2018-12-17,0.519
2019-01-07,0.4737
2019-01-14,0.495
2019-01-21,0.5054
2019-01-28,0.5063
2019-02-04,0.5104
2019-02-11,0.5173
2019-02-18,0.5305
2019-02-25,0.5462
2019-03-04,0.5443
2019-03-11,0.5465
2019-03-18,0.5464
2019-03-25,0.5394
2019-04-01,0.5438
2019-04-08,0.5497
2019-04-15,0.56
2019-04-29,0.5713
2019-05-06,0.5719
2019-05-13,0.5734
2019-05-20,0.5747
2019-05-27,0.5764
2019-06-03,0.5573
2019-06-10,0.5203
2019-06-17,0.5172
2019-06-24,0.5293
2019-07-01,0.54
2019-07-08,0.5413
2019-07-15,0.5379
2019-07-22,0.5448
2019-07-29,0.5402
2019-08-05,0.5512
2019-08-12,0.5316
2019-08-19,0.5359
2019-08-26,0.5367
2019-09-02,0.5355
2019-09-09,0.5427
2019-09-16,0.5544
2019-09-23,0.565
2019-09-30,0.56
2019-10-07,0.54
2019-10-14,0.539
2019-10-21,0.5372
2019-10-28,0.5392
2019-11-04,0.5382
2019-11-11,0.5363
2019-11-18,0.5401
2019-11-25,0.5373
2019-12-02,0.5363
2019-12-09,0.5381
2019-12-16,0.5416
2020-01-06,0.5695
2020-01-13,0.5605
2020-01-20,0.5472
2020-01-27,0.5345
2020-02-03,0.5143
2020-02-10,0.4899
2020-02-17,0.4906
2020-02-24,0.4941
2020-03-02,0.4686
2020-03-09,0.4473
2020-03-16,0.3969
2020-03-23,0.3692
2020-03-30,0.3546
2020-04-06,0.3441
2020-04-20,0.3127
2020-04-27,0.288
2020-05-04,0.2789
2020-05-11,0.2814
2020-05-18,0.2896
2020-05-25,0.2958
2020-06-01,0.3025
2020-06-08,0.3196
2020-06-15,0.3371
2020-06-22,0.3403
2020-06-29,0.3467
2020-07-06,0.3543
2020-07-13,0.3641
2020-07-20,0.3573
2020-07-27,0.3609
2020-08-03,0.3595
2020-08-10,0.3562
2020-08-17,0.359
2020-08-24,0.3547
2020-08-31,0.3498
2020-09-07,0.3451
2020-09-14,0.3324
2020-09-21,0.3238
2020-09-28,0.3257
2020-10-05,0.3266
2020-10-12,0.3296
2020-10-19,0.3345
2020-10-26,0.3292
2020-11-02,0.3244
2020-11-09,0.3236
2020-11-16,0.3344
2020-11-23,0.3371
2020-11-30,0.3594
2020-12-07,0.3594
2020-12-14,0.3743
2020-12-21,0.3827
2021-01-11,0.3933
2021-01-18,0.4048
2021-01-25,0.4175
2021-02-01,0.4107
2021-02-08,0.4213
2021-02-15,0.4362
2021-02-22,0.4422
2021-03-01,0.4577
2021-03-08,0.4611
2021-03-15,0.4726
2021-03-22,0.4687
2021-03-29,0.456
2021-04-12,0.4548
2021-04-19,0.4589
2021-04-26,0.4591
2021-05-03,0.4592
2021-05-10,0.4705
2021-05-17,0.4788
2021-05-24,0.4744
2021-05-31,0.4711
2021-06-07,0.4768
2021-06-14,0.4891
2021-06-21,0.5021
2021-06-28,0.5078
2021-07-05,0.5141
2021-07-12,0.5129
2021-07-19,0.5147
2021-07-26,0.5031
2021-08-02,0.5212
2021-08-09,0.5271
2021-08-16,0.5133
2021-08-23,0.5023
2021-08-30,0.5008
2021-09-06,0.5157
2021-09-13,0.5185
2021-09-20,0.5301
2021-09-27,0.5402
2021-10-04,0.5582
2021-10-11,0.5855
2021-10-18,0.5989
2021-10-25,0.6098
2021-11-01,0.6137
2021-11-08,0.6099
2021-11-15,0.6153
2021-11-22,0.6051
2021-11-29,0.6055
2021-12-06,0.5895
2021-12-13,0.5723
2021-12-20,0.5766
2022-01-03,0.5893
2022-01-10,0.6126
2022-01-17,0.6217
2022-01-24,0.6545
2022-01-31,0.6597
2022-02-07,0.6889
2022-02-14,0.6921
2022-02-21,0.7078
2022-02-28,0.7257
2022-03-07,0.8744
2022-03-14,1.0548
2022-03-21,1.01
2022-03-28,1.0529
2022-04-04,0.9903
2022-04-11,0.9896
2022-04-25,1.0394
2022-05-02,1.0208
2022-05-09,1.0543
2022-05-16,1.0228
2022-05-23,1.0071
2022-05-30,1.0346
2022-06-06,1.0871
2022-06-13,1.1623
2022-06-20,1.2204
2022-06-27,1.2136
2022-07-04,1.1947
2022-07-11,1.1446
2022-07-18,1.1243
2022-07-25,1.0895
2022-08-01,1.0599
2022-08-08,1.0157
2022-08-15,0.9387
2022-08-22,1.0037
2022-08-29,1.0336
2022-09-05,1.0563
2022-09-12,1.0427
2022-09-19,0.9957
2022-09-26,0.9837
2022-10-03,0.9859
2022-10-10,1.0531
2022-10-17,1.1273
2022-10-24,1.092
2022-10-31,1.0753
2022-11-07,1.0551
2022-11-14,1.0394
2022-11-21,0.9724
2022-11-28,0.9454
2022-12-05,0.9109
2022-12-12,0.8666
2022-12-19,0.8585
2022-12-26,0.8424
2023-01-02,0.8792
2023-01-09,0.8886
2023-01-16,0.8642
2023-01-23,0.8591
2023-01-30,0.8692
2023-02-06,0.8214
2023-02-13,0.8065
2023-02-20,0.8095
2023-02-27,0.7887
2023-03-06,0.8105
2023-03-13,0.8004
2023-03-20,0.7777
2023-03-27,0.7614
2023-04-03,0.7469
2023-04-10,0.7385
2023-04-17,0.742
2023-04-24,0.7142
2023-05-01,0.693
2023-05-08,0.6587
2023-05-15,0.6621
2023-05-22,0.665
2023-05-29,0.6616
2023-06-05,0.6548
2023-06-12,0.6715
2023-06-19,0.6757
2023-06-26,0.675
2023-07-03,0.6624
2023-07-10,0.6798
2023-07-17,0.6932
2023-07-24,0.6936
2023-07-31,0.7272
2023-08-07,0.777
2023-08-14,0.8134
2023-08-21,0.821
2023-08-28,0.8358
2023-09-04,0.8167
2023-09-11,0.8487
2023-09-18,0.8688
2023-09-25,0.8727
2023-10-02,0.8823
2023-10-09,0.8574
2023-10-16,0.8411
2023-10-23,0.8585
2023-10-30,0.8496
2023-11-06,0.8328
2023-11-13,0.8022
2023-11-20,0.7762
2023-11-27,0.7719
2023-12-04,0.7813
2023-12-11,0.7509
2023-12-18,0.7273
2023-12-25,0.7245
2024-01-01,0.7156
2024-01-08,0.7247
2024-01-15,0.7285
2024-01-22,0.7379
2024-01-29,0.7446
2024-02-05,0.7651
2024-02-12,0.7748
2024-02-19,0.7899
2024-02-26,0.7779
2024-03-04,0.7755
2024-03-11,0.7633
2024-03-18,0.7609
2024-03-25,0.7669
2024-04-01,0.7805
2024-04-08,0.7737
2024-04-15,0.7793
2024-04-22,0.774
2024-04-29,0.7645
2024-05-06,0.7589
2024-05-13,0.7405
2024-05-20,0.7327
2024-05-27,0.732
2024-06-03,0.719
2024-06-10,0.7083
2024-06-17,0.7175
2024-06-24,0.7423
2024-07-01,0.7369
2024-07-08,0.749
2024-07-15,0.7555
2024-07-22,0.7109
2024-07-29,0.7205
2024-08-05,0.6405
2024-08-12,0.7008
2024-08-19,0.7243
2024-08-26,0.6833
2024-09-02,0.6784
2024-09-09,0.6499
2024-09-16,0.6336
2024-09-23,0.6283
2024-09-30,0.6279
2024-10-07,0.642
2024-10-14,0.665
2024-10-21,0.6622
2024-10-28,0.6553
2024-11-04,0.6571
2024-11-11,0.6678
2024-11-18,0.6705
2024-11-25,0.6741
2024-12-02,0.6765
2024-12-09,0.6736
2024-12-16,0.6737
2024-12-23,0.6794
2024-12-30,0.6813
2025-01-06,0.6865
2025-01-13,0.7135
2025-01-20,0.7408
2025-01-27,0.7348
2025-02-03,0.7237
2025-02-10,0.7182
2025-02-17,0.7271
2025-02-24,0.7249
2025-03-03,0.7173
2025-03-10,0.6895
2025-03-17,0.6741
2025-03-24,0.6648
2025-03-31,0.6714
2025-04-07,0.6653
2025-04-14,0.6375
2025-04-21,0.6272
2025-04-28,0.6172
2025-05-05,0.6165
2025-05-12,0.6131
2025-05-19,0.6167
2025-05-26,0.613
2025-06-02,0.6119
2025-06-09,0.6131
2025-06-16,0.6196
2025-06-23,0.679
2025-06-30,0.6834
2025-07-07,0.6738
2025-07-14,0.6832
2025-07-21,0.6726
2025-07-28,0.684
2025-08-04,0.6807
2025-08-11,0.6718
2025-08-18,0.6464
2025-08-25,0.6364
2025-09-01,0.642
2025-09-08,0.642
2025-09-15,0.6457
2025-09-22,0.6431
2025-09-29,0.646
2025-10-06,0.6532
2025-10-13,0.6438
2025-10-20,0.622
2025-10-27,0.6319
2025-11-03,0.6513
2025-11-10,0.668
2025-11-17,0.6684
2025-11-24,0.6789
2025-12-01,0.6561
2025-12-08,0.6322
2025-12-15,0.6329
2025-12-22,0.6088
2025-12-29,0.6138
2026-01-05,0.6007
2026-01-12,0.6114
2026-01-19,0.6272
2026-01-26,0.6342
2026-02-02,0.6458
2026-02-09,0.6422
2026-02-16,0.6465
2026-02-23,0.6566
2026-03-02,0.6868
2026-03-09,0.9194
2026-03-16,1.0379
2026-03-23,1.155
2026-03-30,1.0982
2026-04-06,1.1209
2026-04-13,1.2344
2026-04-20,1.147
2026-04-27,1.0915
2026-05-04,1.1228
2026-05-11,1.0673
2026-05-18,1.0446
2026-05-25,1.0433
2026-06-01,0.985
2026-06-08,0.9713
2026-06-15,0.9377
2026-06-22,0.8705
2026-06-29,0.8466
2026-07-06,0.8658
2026-07-13,0.878
2026-07-20,0.9487
2026-07-27,1.0137
2026-08-03,1.0096
2026-08-10,1.0463
2026-08-17,1.0726
2026-08-24,1.0929
2026-08-31,1.0721
2026-09-07,1.1329
2026-09-14,1.1402
