# Gasóleo de calefacción, sin impuestos (IT)
# Unidad: EUR/l
# Fuente: Comisión Europea, Weekly Oil Bulletin (datos comunicados por los Estados miembros; España: MITECO) - https://energy.ec.europa.eu/data-and-analysis/weekly-oil-bulletin_en
# Licencia: CC BY 4.0 (Decisión 2011/833/UE) - https://commission.europa.eu/legal-notice_en
# Cita obligatoria: Fuente: Comisión Europea, Weekly Oil Bulletin
# Recopilado por Observatorio de precios de cristalesparachimeneas.es - generado 2026-09-12T03:45:56+00:00
date,value
2005-01-03,0.3872
2005-01-10,0.3867
2005-01-17,0.3905
2005-01-24,0.4001
2005-01-31,0.4076
2005-02-07,0.3932
2005-02-14,0.3997
2005-02-21,0.4037
2005-02-28,0.4213
2005-03-07,0.4402
2005-03-14,0.436
2005-03-21,0.4425
2005-04-04,0.4511
2005-04-11,0.4558
2005-04-18,0.4455
2005-04-25,0.4435
2005-05-02,0.4371
2005-05-09,0.4308
2005-05-16,0.4187
2005-05-23,0.4221
2005-05-30,0.431
2005-06-06,0.4504
2005-06-13,0.4626
2005-06-20,0.4718
2005-06-27,0.4797
2005-07-04,0.4838
2005-07-11,0.4982
2005-07-18,0.4907
2005-07-25,0.4774
2005-08-01,0.4824
2005-08-08,0.4846
2005-08-15,0.4846
2005-08-22,0.5032
2005-08-29,0.5231
2005-09-05,0.5536
2005-09-12,0.5315
2005-09-19,0.5339
2005-09-26,0.5422
2005-10-03,0.5547
2005-10-10,0.5442
2005-10-17,0.5514
2005-10-24,0.5348
2005-11-07,0.5171
2005-11-14,0.5067
2005-11-21,0.5058
2005-11-28,0.4923
2005-12-05,0.5008
2005-12-12,0.5033
2005-12-19,0.5096
2006-01-09,0.5197
2006-01-16,0.5152
2006-01-23,0.5271
2006-01-30,0.5226
2006-02-06,0.5238
2006-02-13,0.5154
2006-02-20,0.5135
2006-02-27,0.5161
2006-03-06,0.533
2006-03-13,0.5229
2006-03-20,0.5254
2006-03-27,0.5272
2006-04-03,0.5324
2006-04-10,0.5318
2006-04-24,0.5542
2006-05-01,0.5552
2006-05-08,0.5499
2006-05-15,0.5598
2006-05-22,0.5436
2006-05-29,0.5424
2006-06-05,0.5417
2006-06-12,0.5433
2006-06-19,0.5464
2006-06-26,0.5472
2006-07-03,0.5504
2006-07-10,0.5464
2006-07-17,0.5578
2006-07-24,0.5472
2006-07-31,0.55
2006-08-07,0.5551
2006-08-14,0.5564
2006-08-21,0.5526
2006-08-28,0.5581
2006-09-04,0.5522
2006-09-11,0.5409
2006-09-18,0.517
2006-09-25,0.5022
2006-10-02,0.5054
2006-10-09,0.5018
2006-10-16,0.5016
2006-10-23,0.4999
2006-10-30,0.5043
2006-11-06,0.4904
2006-11-13,0.4981
2006-11-20,0.4981
2006-11-27,0.4933
2006-12-04,0.505
2006-12-11,0.497
2006-12-18,0.4985
2007-01-08,0.4761
2007-01-15,0.4682
2007-01-22,0.4579
2007-01-29,0.4691
2007-02-05,0.4755
2007-02-12,0.4775
2007-02-19,0.4717
2007-02-26,0.4808
2007-03-05,0.4842
2007-03-12,0.487
2007-03-19,0.4848
2007-03-26,0.486
2007-04-02,0.4998
2007-04-16,0.5103
2007-04-23,0.5032
2007-04-30,0.5039
2007-05-07,0.5064
2007-05-14,0.5058
2007-05-21,0.5115
2007-05-28,0.5147
2007-06-04,0.5074
2007-06-11,0.5167
2007-06-18,0.5197
2007-06-25,0.5239
2007-07-02,0.52
2007-07-09,0.5266
2007-07-16,0.5295
2007-07-23,0.5309
2007-07-30,0.5333
2007-08-06,0.5347
2007-08-13,0.5264
2007-08-20,0.5224
2007-08-27,0.5203
2007-09-03,0.5271
2007-09-10,0.5353
2007-09-17,0.5453
2007-09-24,0.5535
2007-10-01,0.5495
2007-10-08,0.5408
2007-10-15,0.5495
2007-10-22,0.5629
2007-10-29,0.5717
2007-11-05,0.5936
2007-11-12,0.6132
2007-11-19,0.6113
2007-11-26,0.6247
2007-12-03,0.6166
2007-12-10,0.6019
2007-12-17,0.611
2008-01-07,0.6167
2008-01-14,0.6162
2008-01-21,0.5994
2008-01-28,0.5978
2008-02-04,0.598
2008-02-11,0.6011
2008-02-18,0.6288
2008-02-25,0.6392
2008-03-03,0.6474
2008-03-10,0.6692
2008-03-17,0.6773
2008-03-31,0.663
2008-04-07,0.6572
2008-04-14,0.6811
2008-04-21,0.6947
2008-04-28,0.7083
2008-05-05,0.7167
2008-05-12,0.7683
2008-05-19,0.7897
2008-05-26,0.8133
2008-06-02,0.8016
2008-06-09,0.7975
2008-06-16,0.8224
2008-06-23,0.8118
2008-06-30,0.8193
2008-07-07,0.8359
2008-07-14,0.8317
2008-07-21,0.8151
2008-07-28,0.7849
2008-08-04,0.7672
2008-08-11,0.7395
2008-08-18,0.7301
2008-08-25,0.7476
2008-09-01,0.7409
2008-09-08,0.7225
2008-09-15,0.7178
2008-09-22,0.6967
2008-09-29,0.7126
2008-10-06,0.7012
2008-10-13,0.6561
2008-10-20,0.6063
2008-10-27,0.6045
2008-11-03,0.5871
2008-11-10,0.5824
2008-11-17,0.5578
2008-11-24,0.5325
2008-12-01,0.5282
2008-12-08,0.4992
2008-12-15,0.4693
2009-01-05,0.4353
2009-01-12,0.4564
2009-01-19,0.4576
2009-01-26,0.4463
2009-02-02,0.4519
2009-02-09,0.4451
2009-02-16,0.4398
2009-02-23,0.4227
2009-03-02,0.4249
2009-03-09,0.4133
2009-03-16,0.4067
2009-03-23,0.4204
2009-03-30,0.4417
2009-04-06,0.4393
2009-04-20,0.4429
2009-04-27,0.4302
2009-05-04,0.428
2009-05-11,0.4387
2009-05-18,0.4381
2009-05-25,0.433
2009-06-01,0.4385
2009-06-08,0.4647
2009-06-15,0.4797
2009-06-22,0.4945
2009-06-29,0.482
2009-07-06,0.4715
2009-07-13,0.4525
2009-07-20,0.4587
2009-07-27,0.4758
2009-08-03,0.4838
2009-08-10,0.4936
2009-08-17,0.4914
2009-08-24,0.4923
2009-08-31,0.4871
2009-09-07,0.4712
2009-09-14,0.4716
2009-09-21,0.4728
2009-09-28,0.4606
2009-10-05,0.4618
2009-10-12,0.4669
2009-10-19,0.4889
2009-10-26,0.504
2009-11-02,0.5123
2009-11-09,0.5082
2009-11-16,0.4993
2009-11-23,0.4999
2009-11-30,0.4952
2009-12-07,0.4962
2009-12-14,0.491
2009-12-21,0.5036
2010-01-04,0.5203
2010-01-11,0.5448
2010-01-18,0.5338
2010-01-25,0.5301
2010-02-01,0.5203
2010-02-08,0.5252
2010-02-15,0.5213
2010-02-22,0.5352
2010-03-01,0.5409
2010-03-08,0.5509
2010-03-15,0.5579
2010-03-22,0.5627
2010-03-29,0.5665
2010-04-12,0.5867
2010-04-19,0.5915
2010-04-26,0.5975
2010-05-03,0.6073
2010-05-10,0.6001
2010-05-17,0.5974
2010-05-24,0.5727
2010-05-31,0.5862
2010-06-07,0.5899
2010-06-14,0.6052
2010-06-21,0.6097
2010-06-28,0.6004
2010-07-05,0.5792
2010-07-12,0.5784
2010-07-19,0.5718
2010-07-26,0.5773
2010-08-02,0.574
2010-08-09,0.581
2010-08-16,0.5864
2010-08-23,0.5719
2010-08-30,0.5753
2010-09-06,0.57
2010-09-13,0.5836
2010-09-20,0.5841
2010-09-27,0.5676
2010-10-04,0.5819
2010-10-11,0.5832
2010-10-18,0.5863
2010-10-25,0.578
2010-11-08,0.5833
2010-11-15,0.6032
2010-11-22,0.5941
2010-11-29,0.6008
2010-12-06,0.6289
2010-12-13,0.6396
2010-12-20,0.6397
2011-01-03,0.6435
2011-01-10,0.6502
2011-01-17,0.6682
2011-01-24,0.6663
2011-01-31,0.6617
2011-02-07,0.6732
2011-02-14,0.6809
2011-02-21,0.6958
2011-02-28,0.72
2011-03-07,0.7381
2011-03-14,0.7378
2011-03-21,0.7409
2011-03-28,0.7391
2011-04-04,0.7404
2011-04-11,0.7521
2011-04-18,0.7451
2011-05-02,0.7421
2011-05-09,0.7092
2011-05-16,0.7039
2011-05-23,0.7021
2011-05-30,0.7135
2011-06-06,0.7101
2011-06-13,0.7165
2011-06-20,0.7134
2011-06-27,0.6927
2011-07-04,0.703
2011-07-11,0.725
2011-07-18,0.7336
2011-07-25,0.7433
2011-08-01,0.7424
2011-08-08,0.7291
2011-08-22,0.7125
2011-08-29,0.7214
2011-09-05,0.7311
2011-09-12,0.7401
2011-09-19,0.7381
2011-09-26,0.7347
2011-10-03,0.7284
2011-10-10,0.7293
2011-10-17,0.7362
2011-10-24,0.7429
2011-10-31,0.7459
2011-11-07,0.7499
2011-11-14,0.7694
2011-11-21,0.7714
2011-11-28,0.7745
2011-12-05,0.7517
2011-12-12,0.7612
2011-12-19,0.7583
2012-01-09,0.79
2012-01-16,0.8008
2012-01-23,0.7865
2012-01-30,0.7812
2012-02-06,0.7844
2012-02-13,0.802
2012-02-20,0.8175
2012-02-27,0.822
2012-03-05,0.813
2012-03-12,0.8296
2012-03-19,0.8376
2012-03-26,0.8332
2012-04-02,0.8255
2012-04-16,0.8238
2012-04-23,0.8244
2012-04-30,0.8238
2012-05-07,0.8087
2012-05-14,0.8006
2012-05-21,0.7949
2012-05-28,0.7929
2012-06-04,0.7797
2012-06-11,0.7623
2012-06-18,0.7549
2012-06-25,0.7432
2012-07-02,0.7456
2012-07-09,0.77
2012-07-16,0.7784
2012-07-23,0.8045
2012-07-30,0.799
2012-08-06,0.7972
2012-08-13,0.812
2012-08-20,0.826
2012-08-27,0.8361
2012-09-03,0.8344
2012-09-10,0.8348
2012-09-17,0.8306
2012-09-24,0.81
2012-10-01,0.8118
2012-10-08,0.8115
2012-10-15,0.8279
2012-10-22,0.8175
2012-10-29,0.8036
2012-11-05,0.7952
2012-11-12,0.7836
2012-11-19,0.7911
2012-11-26,0.7934
2012-12-03,0.7944
2012-12-10,0.7782
2012-12-17,0.7782
2013-01-07,0.7864
2013-01-14,0.7951
2013-01-21,0.7819
2013-01-28,0.7917
2013-02-04,0.7895
2013-02-11,0.8037
2013-02-18,0.8112
2013-02-25,0.8038
2013-03-04,0.7862
2013-03-11,0.7833
2013-03-18,0.7776
2013-03-25,0.7706
2013-04-08,0.7684
2013-04-15,0.7539
2013-04-22,0.7395
2013-04-29,0.7471
2013-05-06,0.71
2013-05-13,0.7386
2013-05-20,0.7447
2013-05-27,0.7327
2013-06-03,0.7307
2013-06-10,0.7232
2013-06-17,0.7256
2013-06-24,0.718
2013-07-01,0.7454
2013-07-08,0.7539
2013-07-15,0.7557
2013-07-22,0.7648
2013-07-29,0.7536
2013-08-05,0.7619
2013-08-12,0.7486
2013-08-19,0.7629
2013-08-26,0.7587
2013-09-02,0.7809
2013-09-09,0.7816
2013-09-16,0.7803
2013-09-23,0.7615
2013-09-30,0.749
2013-10-07,0.7491
2013-10-14,0.7653
2013-10-21,0.7514
2013-10-28,0.7416
2013-11-04,0.7499
2013-11-11,0.729
2013-11-18,0.7518
2013-11-25,0.7582
2013-12-02,0.7659
2013-12-09,0.7693
2013-12-16,0.7571
2014-01-06,0.7502
2014-01-13,0.7396
2014-01-20,0.7425
2014-01-27,0.7519
2014-02-03,0.7561
2014-02-10,0.7528
2014-02-17,0.756
2014-02-24,0.7602
2014-03-03,0.7544
2014-03-10,0.7465
2014-03-17,0.7405
2014-03-24,0.744
2014-03-31,0.7388
2014-04-07,0.7318
2014-04-14,0.7338
2014-04-28,0.7427
2014-05-05,0.7353
2014-05-12,0.7331
2014-05-19,0.744
2014-05-26,0.7512
2014-06-02,0.7356
2014-06-09,0.7328
2014-06-16,0.7448
2014-06-23,0.757
2014-06-30,0.7552
2014-07-07,0.7466
2014-07-14,0.7387
2014-07-21,0.7381
2014-07-28,0.7419
2014-08-04,0.7455
2014-08-11,0.7434
2014-08-18,0.7381
2014-08-25,0.7382
2014-09-01,0.7404
2014-09-08,0.7447
2014-09-15,0.7365
2014-09-22,0.7324
2014-09-29,0.7314
2014-10-06,0.7174
2014-10-13,0.7123
2014-10-20,0.692
2014-10-27,0.6941
2014-11-03,0.6972
2014-11-10,0.694
2014-11-17,0.6866
2014-11-24,0.6812
2014-12-01,0.6625
2014-12-08,0.6525
2014-12-15,0.6156
2015-01-05,0.5906
2015-01-12,0.5546
2015-01-19,0.5361
2015-01-26,0.55
2015-02-02,0.5465
2015-02-09,0.5812
2015-02-16,0.5816
2015-02-23,0.5989
2015-03-02,0.6067
2015-03-09,0.611
2015-03-16,0.6075
2015-03-23,0.5959
2015-03-30,0.598
2015-04-13,0.5903
2015-04-20,0.6143
2015-04-27,0.6325
2015-05-04,0.6347
2015-05-11,0.639
2015-05-18,0.6465
2015-05-25,0.6493
2015-06-01,0.6387
2015-06-08,0.6246
2015-06-15,0.6272
2015-06-22,0.6306
2015-06-29,0.6257
2015-07-06,0.6234
2015-07-13,0.6101
2015-07-20,0.5996
2015-07-27,0.5895
2015-08-03,0.573
2015-08-10,0.5634
2015-08-17,0.5668
2015-08-24,0.541
2015-08-31,0.5225
2015-09-07,0.5545
2015-09-14,0.5517
2015-09-21,0.5412
2015-09-28,0.5386
2015-10-05,0.5409
2015-10-12,0.5468
2015-10-19,0.5211
2015-10-26,0.5169
2015-11-02,0.5314
2015-11-09,0.5291
2015-11-16,0.5237
2015-11-23,0.5179
2015-11-30,0.5214
2015-12-07,0.506
2015-12-14,0.4823
2016-01-04,0.4546
2016-01-11,0.4533
2016-01-18,0.4289
2016-01-25,0.4168
2016-02-01,0.4338
2016-02-08,0.4376
2016-02-15,0.4219
2016-02-22,0.4368
2016-02-29,0.4321
2016-03-07,0.4468
2016-03-14,0.4645
2016-03-21,0.4673
2016-04-04,0.4537
2016-04-11,0.442
2016-04-18,0.4673
2016-04-25,0.4884
2016-05-02,0.491
2016-05-09,0.4817
2016-05-16,0.4969
2016-05-23,0.5189
2016-05-30,0.5239
2016-06-06,0.5222
2016-06-13,0.5326
2016-06-20,0.5226
2016-06-27,0.5149
2016-07-04,0.5105
2016-07-11,0.5018
2016-07-18,0.5014
2016-07-25,0.4927
2016-08-01,0.4848
2016-08-08,0.4728
2016-08-15,0.4869
2016-08-22,0.5187
2016-08-29,0.5099
2016-09-05,0.5025
2016-09-12,0.5129
2016-09-19,0.5117
2016-09-26,0.512
2016-10-03,0.5256
2016-10-10,0.5398
2016-10-17,0.5465
2016-10-24,0.5439
2016-10-31,0.5443
2016-11-07,0.5186
2016-11-14,0.5168
2016-11-21,0.5224
2016-11-28,0.5343
2016-12-05,0.553
2016-12-12,0.5579
2016-12-19,0.5714
2017-01-02,0.5871
2017-01-09,0.5877
2017-01-16,0.5867
2017-01-23,0.5727
2017-01-30,0.5871
2017-02-06,0.5875
2017-02-13,0.5896
2017-02-20,0.5871
2017-02-27,0.5946
2017-03-06,0.5874
2017-03-13,0.5733
2017-03-20,0.5617
2017-03-27,0.5528
2017-04-03,0.5607
2017-04-10,0.568
2017-04-24,0.5625
2017-05-01,0.5366
2017-05-08,0.5351
2017-05-15,0.5411
2017-05-22,0.5447
2017-05-29,0.5464
2017-06-05,0.5336
2017-06-12,0.4983
2017-06-19,0.5045
2017-06-26,0.5071
2017-07-03,0.5099
2017-07-10,0.515
2017-07-17,0.5134
2017-07-24,0.5203
2017-07-31,0.5249
2017-08-07,0.5228
2017-08-14,0.5187
2017-08-21,0.5167
2017-08-28,0.5192
2017-09-04,0.5319
2017-09-11,0.5385
2017-09-18,0.545
2017-09-25,0.5524
2017-10-02,0.5533
2017-10-09,0.5524
2017-10-16,0.546
2017-10-23,0.5454
2017-10-30,0.5591
2017-11-06,0.5657
2017-11-13,0.5832
2017-11-20,0.5819
2017-11-27,0.5846
2017-12-04,0.5839
2017-12-11,0.5831
2017-12-18,0.5878
2018-01-01,0.5967
2018-01-08,0.6057
2018-01-15,0.6153
2018-01-22,0.6098
2018-01-29,0.6129
2018-02-05,0.6014
2018-02-12,0.585
2018-02-19,0.5688
2018-02-26,0.5813
2018-03-05,0.5818
2018-03-12,0.581
2018-03-19,0.5825
2018-03-26,0.5946
2018-04-09,0.6058
2018-04-16,0.6164
2018-04-23,0.6242
2018-04-30,0.6327
2018-05-07,0.632
2018-05-14,0.6488
2018-05-21,0.6635
2018-05-28,0.665
2018-06-04,0.6629
2018-06-11,0.657
2018-06-18,0.6554
2018-06-25,0.6474
2018-07-02,0.6547
2018-07-09,0.655
2018-07-16,0.647
2018-07-23,0.6441
2018-07-30,0.6508
2018-08-06,0.6482
2018-08-13,0.6483
2018-08-20,0.6531
2018-08-27,0.6586
2018-09-03,0.665
2018-09-10,0.6636
2018-09-17,0.6671
2018-09-24,0.6664
2018-10-01,0.6815
2018-10-08,0.698
2018-10-15,0.6953
2018-10-22,0.6952
2018-10-29,0.686
2018-11-05,0.6758
2018-11-12,0.6734
2018-11-19,0.6612
2018-11-26,0.642
2018-12-03,0.6215
2018-12-10,0.6187
2018-12-17,0.6186
2019-01-07,0.633
2019-01-14,0.6373
2019-01-21,0.6477
2019-01-28,0.6531
2019-02-04,0.6452
2019-02-11,0.6485
2019-02-18,0.6613
2019-02-25,0.6676
2019-03-04,0.667
2019-03-11,0.6706
2019-03-18,0.6712
2019-03-25,0.6684
2019-04-01,0.6696
2019-04-08,0.6759
2019-04-15,0.6818
2019-04-29,0.6931
2019-05-06,0.6913
2019-05-13,0.6876
2019-05-20,0.698
2019-05-27,0.6821
2019-06-03,0.6731
2019-06-10,0.6449
2019-06-17,0.6425
2019-06-24,0.6479
2019-07-01,0.6519
2019-07-08,0.6557
2019-07-15,0.6706
2019-07-22,0.6629
2019-07-29,0.6655
2019-08-05,0.6661
2019-08-12,0.6543
2019-08-19,0.6542
2019-08-26,0.6578
2019-09-02,0.6535
2019-09-09,0.6669
2019-09-16,0.6737
2019-09-23,0.6826
2019-09-30,0.6777
2019-10-07,0.6678
2019-10-14,0.6675
2019-10-21,0.6696
2019-10-28,0.674
2019-11-04,0.6706
2019-11-11,0.6732
2019-11-18,0.6772
2019-11-25,0.6761
2019-12-02,0.6813
2019-12-09,0.6803
2019-12-16,0.6816
2020-01-06,0.6904
2020-01-13,0.6898
2020-01-20,0.6785
2020-01-27,0.6653
2020-02-03,0.6574
2020-02-10,0.6518
2020-02-17,0.6507
2020-02-24,0.6545
2020-03-02,0.6195
2020-03-09,0.6166
2020-03-16,0.5549
2020-03-23,0.5317
2020-03-30,0.5453
2020-04-06,0.5141
2020-04-20,0.4919
2020-04-27,0.4668
2020-05-04,0.4586
2020-05-11,0.4707
2020-05-18,0.4738
2020-05-25,0.4885
2020-06-01,0.49
2020-06-08,0.5004
2020-06-15,0.4925
2020-06-22,0.5069
2020-06-29,0.5086
2020-07-06,0.519
2020-07-13,0.5196
2020-07-20,0.5209
2020-07-27,0.521
2020-08-03,0.5134
2020-08-10,0.5154
2020-08-17,0.5146
2020-08-24,0.5114
2020-08-31,0.5074
2020-09-07,0.4977
2020-09-14,0.4871
2020-09-21,0.4906
2020-09-28,0.4855
2020-10-05,0.4879
2020-10-12,0.4892
2020-10-19,0.4894
2020-10-26,0.4864
2020-11-02,0.4737
2020-11-09,0.4759
2020-11-16,0.4896
2020-11-23,0.4961
2020-11-30,0.5131
2020-12-07,0.5211
2020-12-14,0.5254
2020-12-21,0.5324
2021-01-11,0.5416
2021-01-18,0.5527
2021-01-25,0.5522
2021-02-01,0.5573
2021-02-08,0.5677
2021-02-15,0.5793
2021-02-22,0.5966
2021-03-01,0.6102
2021-03-08,0.6088
2021-03-15,0.6234
2021-03-22,0.6141
2021-03-29,0.6113
2021-04-12,0.6108
2021-04-19,0.6122
2021-04-26,0.6113
2021-05-03,0.6143
2021-05-10,0.6192
2021-05-17,0.6189
2021-05-24,0.6179
2021-05-31,0.6215
2021-06-07,0.6291
2021-06-14,0.637
2021-06-21,0.6452
2021-06-28,0.6477
2021-07-05,0.6554
2021-07-12,0.6564
2021-07-19,0.661
2021-07-26,0.6571
2021-08-02,0.6605
2021-08-09,0.6549
2021-08-16,0.6525
2021-08-23,0.6435
2021-08-30,0.6549
2021-09-06,0.66
2021-09-13,0.6575
2021-09-20,0.6693
2021-09-27,0.6845
2021-10-04,0.7086
2021-10-11,0.7239
2021-10-18,0.7476
2021-10-25,0.7498
2021-11-01,0.7498
2021-11-08,0.7412
2021-11-15,0.7497
2021-11-22,0.743
2021-11-29,0.7463
2021-12-06,0.718
2021-12-13,0.7318
2021-12-20,0.7347
2022-01-03,0.7392
2022-01-10,0.7629
2022-01-17,0.7745
2022-01-24,0.7984
2022-01-31,0.8098
2022-02-07,0.8264
2022-02-14,0.8335
2022-02-21,0.8387
2022-02-28,0.8793
2022-03-07,1.0033
2022-03-14,1.0893
2022-03-21,1.0652
2022-03-28,1.1065
2022-04-04,1.0384
2022-04-11,1.0209
2022-04-25,1.0663
2022-05-02,1.1044
2022-05-09,1.095
2022-05-16,1.0795
2022-05-23,1.0605
2022-05-30,1.088
2022-06-06,1.1539
2022-06-13,1.2021
2022-06-20,1.2291
2022-06-27,1.2456
2022-07-04,1.2135
2022-07-11,1.2022
2022-07-18,1.1927
2022-07-25,1.1435
2022-08-01,1.1411
2022-08-08,1.0557
2022-08-15,1.032
2022-08-22,1.0672
2022-08-29,1.1302
2022-09-05,1.1233
2022-09-12,1.0927
2022-09-19,1.0488
2022-09-26,1.0635
2022-10-03,1.066
2022-10-10,1.15
2022-10-17,1.1632
2022-10-24,1.1396
2022-10-31,1.1268
2022-11-07,1.1123
2022-11-14,1.0723
2022-11-21,1.0248
2022-11-28,0.9918
2022-12-05,0.9884
2022-12-12,0.9137
2022-12-19,0.9474
2022-12-26,0.9373
2023-01-02,0.9515
2023-01-09,0.939
2023-01-16,0.9505
2023-01-23,0.9695
2023-01-30,0.9606
2023-02-06,0.9091
2023-02-13,0.8847
2023-02-20,0.8897
2023-02-27,0.8817
2023-03-06,0.8972
2023-03-13,0.8846
2023-03-20,0.8517
2023-03-27,0.8423
2023-04-03,0.8332
2023-04-10,0.8455
2023-04-17,0.8403
2023-04-24,0.8102
2023-05-01,0.7823
2023-05-08,0.7574
2023-05-15,0.7675
2023-05-22,0.7721
2023-05-29,0.7682
2023-06-05,0.7643
2023-06-12,0.7776
2023-06-19,0.7848
2023-06-26,0.7852
2023-07-03,0.781
2023-07-10,0.789
2023-07-17,0.8018
2023-07-24,0.8103
2023-07-31,0.8581
2023-08-07,0.8899
2023-08-14,0.9116
2023-08-21,0.9095
2023-08-28,0.9306
2023-09-04,0.9291
2023-09-11,0.9589
2023-09-18,0.9965
2023-09-25,0.9999
2023-10-02,0.997
2023-10-09,0.9475
2023-10-16,0.9505
2023-10-23,0.9593
2023-10-30,0.9449
2023-11-06,0.9298
2023-11-13,0.8856
2023-11-20,0.8709
2023-11-27,0.88
2023-12-04,0.8642
2023-12-11,0.8525
2023-12-18,0.8328
2023-12-25,0.8328
2024-01-01,0.8397
2024-01-08,0.8355
2024-01-15,0.8471
2024-01-22,0.855
2024-01-29,0.8698
2024-02-05,0.883
2024-02-12,0.8942
2024-02-19,0.9032
2024-02-26,0.8793
2024-03-04,0.8696
2024-03-11,0.8651
2024-03-18,0.8749
2024-03-25,0.8747
2024-04-01,0.8613
2024-04-08,0.8784
2024-04-15,0.8805
2024-04-22,0.859
2024-04-29,0.8406
2024-05-06,0.826
2024-05-13,0.8243
2024-05-20,0.8103
2024-05-27,0.8051
2024-06-03,0.8025
2024-06-10,0.7852
2024-06-17,0.8133
2024-06-24,0.8235
2024-07-01,0.8323
2024-07-08,0.8389
2024-07-15,0.8169
2024-07-22,0.8039
2024-07-29,0.7969
2024-08-05,0.7916
2024-08-12,0.779
2024-08-19,0.7782
2024-08-26,0.7565
2024-09-02,0.7561
2024-09-09,0.7368
2024-09-16,0.7258
2024-09-23,0.7225
2024-09-30,0.721
2024-10-07,0.741
2024-10-14,0.7625
2024-10-21,0.748
2024-10-28,0.7453
2024-11-04,0.7472
2024-11-11,0.7615
2024-11-18,0.762
2024-11-25,0.7759
2024-12-02,0.7682
2024-12-09,0.7583
2024-12-16,0.7692
2024-12-23,0.7775
2024-12-30,0.7788
2025-01-06,0.7976
2025-01-13,0.8039
2025-01-20,0.8327
2025-01-27,0.818
2025-02-03,0.8056
2025-02-10,0.8056
2025-02-17,0.8094
2025-02-24,0.8131
2025-03-03,0.7978
2025-03-10,0.7738
2025-03-17,0.7471
2025-03-24,0.753
2025-03-31,0.7616
2025-04-07,0.7423
2025-04-14,0.7064
2025-04-21,0.6932
2025-04-28,0.6997
2025-05-05,0.6846
2025-05-12,0.6818
2025-05-19,0.6921
2025-05-26,0.6904
2025-06-02,0.6888
2025-06-09,0.6892
2025-06-16,0.7067
2025-06-23,0.779
2025-06-30,0.7465
2025-07-07,0.7496
2025-07-14,0.7555
2025-07-21,0.7685
2025-07-28,0.7542
2025-08-04,0.7461
2025-08-11,0.7321
2025-08-18,0.7188
2025-08-25,0.7269
2025-09-01,0.7225
2025-09-08,0.7268
2025-09-15,0.7345
2025-09-22,0.7335
2025-09-29,0.7406
2025-10-06,0.7288
2025-10-13,0.7244
2025-10-20,0.7098
2025-10-27,0.7387
2025-11-03,0.7497
2025-11-10,0.7625
2025-11-17,0.762
2025-11-24,0.7659
2025-12-01,0.7404
2025-12-08,0.7253
2025-12-15,0.7088
2025-12-22,0.7009
2025-12-29,0.7005
2026-01-05,0.6967
2026-01-12,0.6948
2026-01-19,0.7106
2026-01-26,0.7239
2026-02-02,0.7345
2026-02-09,0.7401
2026-02-16,0.7353
2026-02-23,0.7474
2026-03-02,0.7697
2026-03-09,0.9695
2026-03-16,1.0505
2026-03-23,1.1492
2026-03-30,1.186
2026-04-06,1.2983
2026-04-13,1.2195
2026-04-20,1.1638
2026-04-27,1.1252
2026-05-04,1.1612
2026-05-11,1.0989
2026-05-18,1.0896
2026-05-25,1.0804
2026-06-01,1.0198
2026-06-08,1.0165
2026-06-15,1.0003
2026-06-22,0.9139
2026-06-29,0.9081
2026-07-06,0.9116
2026-07-13,0.9712
2026-07-20,1.0678
2026-07-27,1.1384
2026-08-03,1.1363
2026-08-10,1.0796
2026-08-17,1.1193
2026-08-24,1.144
2026-08-31,1.1238
2026-09-07,1.2074
