# Gasóleo de calefacción, con impuestos (PT)
# Unidad: EUR/l
# Fuente: Comisión Europea, Weekly Oil Bulletin - https://energy.ec.europa.eu/data-and-analysis/weekly-oil-bulletin_en
# Licencia: CC BY 4.0 (Decisión 2011/833/UE) - https://commission.europa.eu/legal-notice_en
# Cita obligatoria: Fuente: Comisión Europea, Weekly Oil Bulletin
# Recopilado por Observatorio de precios de cristalesparachimeneas.es - generado 2026-09-25T09:09:11+00:00
date,value
2005-01-03,0.523
2005-01-10,0.523
2005-01-17,0.5
2005-01-24,0.51
2005-01-31,0.515
2005-02-07,0.522
2005-02-14,0.522
2005-02-21,0.522
2005-02-28,0.517
2005-03-07,0.527
2005-03-14,0.554
2005-03-21,0.569
2005-04-04,0.58
2005-04-11,0.589
2005-04-18,0.599
2005-04-25,0.589
2005-05-02,0.575
2005-05-09,0.575
2005-05-16,0.575
2005-05-23,0.559
2005-05-30,0.554
2005-06-06,0.559
2005-06-13,0.611
2005-06-20,0.611
2005-06-27,0.629
2005-07-04,0.629
2005-07-11,0.639
2005-07-18,0.652
2005-07-25,0.652
2005-08-01,0.639
2005-08-08,0.635
2005-08-15,0.639
2005-08-22,0.656
2005-08-29,0.674
2005-09-05,0.685
2005-09-12,0.702
2005-09-19,0.702
2005-09-26,0.687
2005-10-03,0.687
2005-10-10,0.705
2005-10-17,0.718
2005-10-24,0.716
2005-11-07,0.693
2005-11-14,0.678
2005-11-21,0.663
2005-11-28,0.653
2005-12-05,0.6532
2005-12-12,0.639
2005-12-19,0.639
2006-01-09,0.644
2006-01-16,0.649
2006-01-23,0.649
2006-01-30,0.655
2006-02-06,0.662
2006-02-13,0.662
2006-02-20,0.662
2006-02-27,0.652
2006-03-06,0.657
2006-03-13,0.669
2006-03-20,0.669
2006-03-27,0.669
2006-04-03,0.676
2006-04-10,0.683
2006-04-24,0.69
2006-05-01,0.714
2006-05-08,0.719
2006-05-15,0.719
2006-05-22,0.709
2006-05-29,0.699
2006-06-05,0.699
2006-06-12,0.699
2006-06-19,0.699
2006-06-26,0.699
2006-07-03,0.699
2006-07-10,0.709
2006-07-17,0.709
2006-07-24,0.719
2006-07-31,0.719
2006-08-07,0.709
2006-08-14,0.709
2006-08-21,0.724
2006-08-28,0.719
2006-09-04,0.719
2006-09-11,0.714
2006-09-18,0.694
2006-09-25,0.664
2006-10-02,0.639
2006-10-09,0.639
2006-10-16,0.639
2006-10-23,0.634
2006-10-30,0.639
2006-11-06,0.639
2006-11-13,0.626
2006-11-20,0.626
2006-11-27,0.626
2006-12-04,0.626
2006-12-11,0.626
2006-12-18,0.626
2007-01-08,0.636
2007-01-15,0.622
2007-01-22,0.6114
2007-01-29,0.61
2007-02-05,0.599
2007-02-12,0.603
2007-02-19,0.6131
2007-02-26,0.6466
2007-03-05,0.667
2007-03-12,0.677
2007-03-19,0.6773
2007-03-26,0.6821
2007-04-02,0.6821
2007-04-16,0.711
2007-04-23,0.711
2007-04-30,0.711
2007-05-07,0.714
2007-05-14,0.711
2007-05-21,0.711
2007-05-28,0.711
2007-06-04,0.723
2007-06-11,0.723
2007-06-18,0.723
2007-06-25,0.731
2007-07-02,0.736
2007-07-09,0.736
2007-07-16,0.736
2007-07-23,0.745
2007-07-30,0.745
2007-08-06,0.745
2007-08-13,0.745
2007-08-20,0.738
2007-08-27,0.733
2007-09-03,0.733
2007-09-10,0.733
2007-09-17,0.733
2007-09-24,0.764
2007-10-01,0.774
2007-10-08,0.763
2007-10-15,0.761
2007-10-22,0.761
2007-10-29,0.771
2007-11-05,0.789
2007-11-12,0.809
2007-11-19,0.839
2007-11-26,0.844
2007-12-03,0.851
2007-12-10,0.856
2007-12-17,0.831
2008-01-07,0.856
2008-01-14,0.881
2008-01-21,0.876
2008-01-28,0.861
2008-02-04,0.856
2008-02-11,0.856
2008-02-18,0.871
2008-02-25,0.896
2008-03-03,0.916
2008-03-10,0.916
2008-03-17,0.936
2008-03-31,0.91
2008-04-07,0.902
2008-04-14,0.905
2008-04-21,0.946
2008-04-28,0.957
2008-05-05,0.979
2008-05-12,1.012
2008-05-19,1.044
2008-05-26,1.079
2008-06-02,1.0831
2008-06-09,1.071
2008-06-16,1.071
2008-06-23,1.086
2008-06-30,1.086
2008-07-07,1.096
2008-07-14,1.105
2008-07-21,1.105
2008-07-28,1.091
2008-08-04,1.056
2008-08-11,1.036
2008-08-18,0.996
2008-08-25,0.986
2008-09-01,0.998
2008-09-08,1.009
2008-09-15,0.989
2008-09-22,0.977
2008-09-29,0.938
2008-10-06,0.9618
2008-10-13,0.9546
2008-10-20,0.9039
2008-10-27,0.8463
2008-11-03,0.828
2008-11-10,0.8146
2008-11-17,0.817
2008-11-24,0.7863
2008-12-01,0.7574
2008-12-08,0.74
2008-12-15,0.702
2009-01-05,0.6312
2009-01-12,0.6245
2009-01-19,0.6676
2009-01-26,0.6793
2009-02-02,0.6567
2009-02-09,0.6613
2009-02-16,0.6559
2009-02-23,0.6559
2009-03-02,0.637
2009-03-09,0.6188
2009-03-16,0.6145
2009-03-23,0.6164
2009-03-30,0.6248
2009-04-06,0.6328
2009-04-20,0.6579
2009-04-27,0.6633
2009-05-04,0.6503
2009-05-11,0.6479
2009-05-18,0.6479
2009-05-25,0.672
2009-06-01,0.6678
2009-06-08,0.661
2009-06-15,0.68
2009-06-22,0.696
2009-06-29,0.707
2009-07-06,0.705
2009-07-13,0.702
2009-07-20,0.679
2009-07-27,0.678
2009-08-03,0.694
2009-08-10,0.705
2009-08-17,0.723
2009-08-24,0.726
2009-08-31,0.722
2009-09-07,0.72
2009-09-14,0.703
2009-09-21,0.701
2009-09-28,0.699
2009-10-05,0.692
2009-10-12,0.692
2009-10-19,0.692
2009-10-26,0.711
2009-11-02,0.723
2009-11-09,0.729
2009-11-16,0.73
2009-11-23,0.726
2009-11-30,0.725
2009-12-07,0.72
2009-12-14,0.721
2009-12-21,0.716
2010-01-04,0.723
2010-01-11,0.741
2010-01-18,0.76
2010-01-25,0.752
2010-02-01,0.744
2010-02-08,0.738
2010-02-15,0.738
2010-02-22,0.745
2010-03-01,0.76
2010-03-08,0.769
2010-03-15,0.778
2010-03-22,0.786
2010-03-29,0.792
2010-04-12,0.817
2010-04-19,0.823
2010-04-26,0.823
2010-05-03,0.832
2010-05-10,0.839
2010-05-17,0.84
2010-05-24,0.834
2010-05-31,0.816
2010-06-07,0.82
2010-06-14,0.826
2010-06-21,0.831
2010-06-28,0.84
2010-07-05,0.847
2010-07-12,0.833
2010-07-19,0.827
2010-07-26,0.826
2010-08-02,0.825
2010-08-09,0.829
2010-08-16,0.836
2010-08-23,0.831
2010-08-30,0.829
2010-09-06,0.845
2010-09-13,0.859
2010-09-20,0.865
2010-09-27,0.866
2010-10-04,0.868
2010-10-11,0.869
2010-10-18,0.873
2010-10-25,0.873
2010-11-08,0.872
2010-11-15,0.879
2010-11-22,0.888
2010-11-29,0.886
2010-12-06,0.898
2010-12-13,0.914
2010-12-20,0.917
2011-01-03,0.94
2011-01-10,0.943
2011-01-17,0.957
2011-01-24,0.957
2011-01-31,0.959
2011-02-07,0.967
2011-02-14,0.975
2011-02-21,0.983
2011-02-28,0.994
2011-03-07,1.013
2011-03-14,1.037
2011-03-21,1.061
2011-03-28,1.071
2011-04-04,1.074
2011-04-11,1.085
2011-04-18,1.088
2011-05-02,1.087
2011-05-09,1.081
2011-05-16,1.067
2011-05-23,1.06
2011-05-30,1.049
2011-06-06,1.063
2011-06-13,1.063
2011-06-20,1.065
2011-06-27,1.064
2011-07-04,1.052
2011-07-11,1.057
2011-07-18,1.071
2011-07-25,1.08
2011-08-01,1.08
2011-08-08,1.081
2011-08-22,1.054
2011-08-29,1.055
2011-09-05,1.064
2011-09-12,1.072
2011-09-19,1.074
2011-09-26,1.075
2011-10-03,1.074
2011-10-10,1.07
2011-10-17,1.072
2011-10-24,1.081
2011-10-31,1.089
2011-11-07,1.089
2011-11-14,1.099
2011-11-21,1.114
2011-11-28,1.112
2011-12-05,1.111
2011-12-12,1.11
2011-12-19,1.107
2012-01-09,1.238
2012-01-16,1.277
2012-01-23,1.279
2012-01-30,1.27
2012-02-06,1.27
2012-02-13,1.284
2012-02-20,1.301
2012-02-27,1.309
2012-03-05,1.313
2012-03-12,1.32
2012-03-19,1.33
2012-03-26,1.336
2012-04-02,1.333
2012-04-16,1.325
2012-04-23,1.32
2012-04-30,1.317
2012-05-07,1.317
2012-05-14,1.307
2012-05-21,1.297
2012-05-28,1.291
2012-06-04,1.283
2012-06-11,1.268
2012-06-18,1.25
2012-06-25,1.237
2012-07-02,1.224
2012-07-09,1.24
2012-07-16,1.256
2012-07-23,1.273
2012-07-30,1.283
2012-08-06,1.288
2012-08-13,1.305
2012-08-20,1.32
2012-08-27,1.333
2012-09-03,1.336
2012-09-10,1.333
2012-09-17,1.331
2012-09-24,1.319
2012-10-01,1.313
2012-10-08,1.314
2012-10-15,1.318
2012-10-22,1.326
2012-10-29,1.316
2012-11-05,1.304
2012-11-12,1.301
2012-11-19,1.298
2012-11-26,1.291
2012-12-03,1.288
2012-12-10,1.282
2012-12-17,1.272
2013-01-07,1.268
2013-01-14,1.276
2013-01-21,1.276
2013-01-28,1.276
2013-02-04,1.279
2013-02-11,1.289
2013-02-18,1.302
2013-02-25,1.308
2013-03-04,1.319
2013-03-11,1.316
2013-03-18,1.312
2013-03-25,1.306
2013-04-01,1.305
2013-04-08,1.304
2013-04-15,1.291
2013-04-22,1.266
2013-04-29,1.257
2013-05-06,1.251
2013-05-13,1.256
2013-05-20,1.266
2013-05-27,1.27
2013-06-03,1.272
2013-06-10,1.272
2013-06-17,1.265
2013-06-24,1.266
2013-07-01,1.268
2013-07-08,1.275
2013-07-15,1.288
2013-07-22,1.298
2013-07-29,1.299
2013-08-05,1.296
2013-08-12,1.293
2013-08-19,1.292
2013-08-26,1.295
2013-09-02,1.308
2013-09-09,1.317
2013-09-16,1.318
2013-09-23,1.31
2013-09-30,1.297
2013-10-07,1.287
2013-10-14,1.288
2013-10-21,1.289
2013-10-28,1.284
2013-11-04,1.282
2013-11-11,1.281
2013-11-18,1.279
2013-11-25,1.281
2013-12-02,1.286
2013-12-09,1.293
2013-12-16,1.291
2014-01-06,1.289
2014-01-13,1.284
2014-01-20,1.278
2014-01-27,1.274
2014-02-03,1.283
2014-02-10,1.283
2014-02-17,1.281
2014-02-24,1.286
2014-03-03,1.288
2014-03-10,1.285
2014-03-17,1.278
2014-03-24,1.265
2014-03-31,1.261
2014-04-07,1.263
2014-04-14,1.259
2014-04-28,1.271
2014-05-05,1.27
2014-05-12,1.267
2014-05-19,1.259
2014-05-26,1.27
2014-06-02,1.267
2014-06-09,1.265
2014-06-16,1.262
2014-06-23,1.274
2014-06-30,1.282
2014-07-07,1.28
2014-07-14,1.271
2014-07-21,1.266
2014-07-28,1.262
2014-08-04,1.263
2014-08-11,1.265
2014-08-18,1.265
2014-08-25,1.263
2014-09-01,1.26
2014-09-08,1.261
2014-09-15,1.265
2014-09-22,1.26
2014-09-29,1.255
2014-10-06,1.249
2014-10-13,1.24
2014-10-20,1.219
2014-10-27,1.201
2014-11-03,1.198
2014-11-10,1.199
2014-11-17,1.195
2014-11-24,1.184
2014-12-01,1.171
2014-12-08,1.157
2014-12-15,1.117
2015-01-05,1.238
2015-01-12,1.048
2015-01-19,1.025
2015-01-26,1.015
2015-02-02,1.02
2015-02-09,1.047
2015-02-16,1.072
2015-02-23,1.08
2015-03-02,1.105
2015-03-09,1.113
2015-03-16,1.116
2015-03-23,1.11
2015-03-30,1.104
2015-04-13,1.093
2015-04-20,1.097
2015-04-27,1.119
2015-05-04,1.129
2015-05-11,1.135
2015-05-18,1.14
2015-05-25,1.14
2015-06-01,1.139
2015-06-08,1.135
2015-06-15,1.133
2015-06-22,1.13
2015-06-29,1.126
2015-07-06,1.124
2015-07-13,1.116
2015-07-20,1.101
2015-07-27,1.095
2015-08-03,1.08
2015-08-10,1.064
2015-08-17,1.047
2015-08-24,1.041
2015-08-31,1.018
2015-09-07,1.054
2015-09-14,1.031
2015-09-21,1.025
2015-09-28,1.019
2015-10-05,1.021
2015-10-12,1.022
2015-10-19,1.022
2015-10-26,1.005
2015-11-02,1
2015-11-09,1.006
2015-11-16,1.008
2015-11-23,1.001
2015-11-30,0.997
2015-12-07,0.992
2015-12-14,0.97
2016-01-04,0.904
2016-01-11,0.904
2016-01-18,0.89
2016-01-25,0.872
2016-02-01,0.868
2016-02-08,0.876
2016-02-15,0.88
2016-02-22,0.879
2016-02-29,0.884
2016-03-07,0.89
2016-03-14,0.914
2016-03-21,0.927
2016-04-04,0.924
2016-04-11,0.908
2016-04-18,0.913
2016-04-25,0.927
2016-05-02,0.941
2016-05-09,0.953
2016-05-16,0.953
2016-05-23,0.971
2016-05-30,0.993
2016-06-06,1.001
2016-06-13,1.003
2016-06-20,1.002
2016-06-27,0.997
2016-07-04,0.999
2016-07-11,0.997
2016-07-18,0.985
2016-07-25,0.979
2016-08-01,0.975
2016-08-08,0.959
2016-08-15,0.952
2016-08-22,0.975
2016-08-29,0.991
2016-09-05,0.997
2016-09-12,0.99
2016-09-19,0.987
2016-09-26,0.986
2016-10-03,0.988
2016-10-10,1.006
2016-10-17,1.022
2016-10-24,1.033
2016-10-31,1.034
2016-11-07,1.022
2016-11-14,1.001
2016-11-21,0.998
2016-11-28,1.011
2016-12-05,1.011
2016-12-12,1.039
2016-12-19,1.055
2017-01-02,1.082
2017-01-09,1.086
2017-01-16,1.083
2017-01-23,1.075
2017-01-30,1.075
2017-02-06,1.077
2017-02-13,1.079
2017-02-20,1.079
2017-02-27,1.081
2017-03-06,1.085
2017-03-13,1.082
2017-03-20,1.067
2017-03-27,1.054
2017-04-03,1.049
2017-04-10,1.057
2017-04-24,1.076
2017-05-01,1.068
2017-05-08,1.042
2017-05-15,1.026
2017-05-22,1.03
2017-05-29,1.035
2017-06-05,1.033
2017-06-12,1.016
2017-06-19,1.008
2017-06-26,1.007
2017-07-03,1.003
2017-07-10,1.003
2017-07-17,1.006
2017-07-24,1.004
2017-07-31,1.008
2017-08-07,1.013
2017-08-14,1.022
2017-08-21,1.019
2017-08-28,1.015
2017-09-04,1.016
2017-09-11,1.028
2017-09-18,1.039
2017-09-25,1.049
2017-10-02,1.056
2017-10-09,1.065
2017-10-16,1.057
2017-10-23,1.057
2017-10-30,1.064
2017-11-06,1.069
2017-11-13,1.085
2017-11-20,1.099
2017-11-27,1.093
2017-12-04,1.093
2017-12-11,1.091
2017-12-18,1.09
2018-01-01,1.099
2018-01-08,1.114
2018-01-15,1.12
2018-01-22,1.12
2018-01-29,1.119
2018-02-05,1.116
2018-02-12,1.106
2018-02-19,1.092
2018-02-26,1.08
2018-03-05,1.088
2018-03-12,1.087
2018-03-19,1.082
2018-03-26,1.085
2018-04-09,1.106
2018-04-16,1.112
2018-04-23,1.122
2018-04-30,1.133
2018-05-07,1.142
2018-05-14,1.156
2018-05-21,1.179
2018-05-28,1.19
2018-06-04,1.198
2018-06-11,1.189
2018-06-18,1.185
2018-06-25,1.178
2018-07-02,1.178
2018-07-09,1.184
2018-07-16,1.183
2018-07-23,1.176
2018-07-30,1.174
2018-08-06,1.178
2018-08-13,1.176
2018-08-20,1.181
2018-08-27,1.186
2018-09-03,1.193
2018-09-10,1.2
2018-09-17,1.204
2018-09-24,1.205
2018-10-01,1.211
2018-10-08,1.234
2018-10-15,1.253
2018-10-22,1.247
2018-10-29,1.242
2018-11-05,1.24
2018-11-12,1.231
2018-11-19,1.214
2018-11-26,1.19
2018-12-03,1.161
2018-12-10,1.148
2018-12-17,1.14
2019-01-07,1.101
2019-01-14,1.118
2019-01-21,1.14
2019-01-28,1.148
2019-02-04,1.159
2019-02-11,1.163
2019-02-18,1.169
2019-02-25,1.184
2019-03-04,1.197
2019-03-11,1.196
2019-03-18,1.196
2019-03-25,1.194
2019-04-01,1.195
2019-04-08,1.197
2019-04-15,1.205
2019-04-29,1.218
2019-05-06,1.228
2019-05-13,1.228
2019-05-20,1.229
2019-05-27,1.229
2019-06-03,1.216
2019-06-10,1.198
2019-06-17,1.17
2019-06-24,1.169
2019-07-01,1.178
2019-07-08,1.185
2019-07-15,1.185
2019-07-22,1.191
2019-07-29,1.19
2019-08-05,1.194
2019-08-12,1.191
2019-08-19,1.176
2019-08-26,1.179
2019-09-02,1.178
2019-09-09,1.181
2019-09-16,1.195
2019-09-23,1.211
2019-09-30,1.22
2019-10-07,1.207
2019-10-14,1.201
2019-10-21,1.198
2019-10-28,1.193
2019-11-04,1.191
2019-11-11,1.194
2019-11-18,1.193
2019-11-25,1.192
2019-12-02,1.193
2019-12-09,1.195
2019-12-16,1.197
2020-01-06,1.243
2020-01-13,1.253
2020-01-20,1.249
2020-01-27,1.229
2020-02-03,1.204
2020-02-10,1.183
2020-02-17,1.173
2020-02-24,1.179
2020-03-02,1.172
2020-03-09,1.14
2020-03-16,1.094
2020-03-23,1.033
2020-03-30,1.004
2020-04-06,0.991
2020-04-20,0.971
2020-04-27,0.945
2020-05-04,0.928
2020-05-11,0.931
2020-05-18,0.941
2020-05-25,0.96
2020-06-01,0.98
2020-06-08,0.984
2020-06-15,0.993
2020-06-22,1.006
2020-06-29,1.02
2020-07-06,1.025
2020-07-13,1.03
2020-07-20,1.036
2020-07-27,1.035
2020-08-03,1.036
2020-08-10,1.035
2020-08-17,1.033
2020-08-24,1.032
2020-08-31,1.032
2020-09-07,1.029
2020-09-14,1.015
2020-09-21,0.998
2020-09-28,0.997
2020-10-05,0.997
2020-10-12,0.999
2020-10-19,1.005
2020-10-26,1.004
2020-11-02,0.997
2020-11-09,0.991
2020-11-16,1.003
2020-11-23,1.013
2020-11-30,1.024
2020-12-07,1.037
2020-12-14,1.04
2020-12-21,1.049
2021-01-11,1.066
2021-01-18,1.075
2021-01-25,1.081
2021-02-01,1.088
2021-02-08,1.099
2021-02-15,1.116
2021-02-22,1.133
2021-03-01,1.148
2021-03-08,1.155
2021-03-15,1.161
2021-03-22,1.166
2021-03-29,1.158
2021-04-12,1.156
2021-04-19,1.157
2021-04-26,1.163
2021-05-03,1.165
2021-05-10,1.181
2021-05-17,1.187
2021-05-24,1.189
2021-05-31,1.187
2021-06-07,1.197
2021-06-14,1.205
2021-06-21,1.211
2021-06-28,1.224
2021-07-05,1.23
2021-07-12,1.233
2021-07-19,1.234
2021-07-26,1.234
2021-08-02,1.227
2021-08-09,1.238
2021-08-16,1.233
2021-08-23,1.227
2021-08-30,1.227
2021-09-06,1.238
2021-09-13,1.243
2021-09-20,1.25
2021-09-27,1.258
2021-10-04,1.29
2021-10-11,1.324
2021-10-18,1.357
2021-10-25,1.37
2021-11-01,1.373
2021-11-08,1.37
2021-11-15,1.367
2021-11-22,1.361
2021-11-29,1.354
2021-12-06,1.326
2021-12-13,1.312
2021-12-20,1.324
2022-01-03,1.34
2022-01-10,1.361
2022-01-17,1.382
2022-01-24,1.395
2022-01-31,1.422
2022-02-07,1.438
2022-02-14,1.452
2022-02-21,1.46
2022-02-28,1.479
2022-03-07,1.622
2022-03-14,1.782
2022-03-21,1.683
2022-03-28,1.805
2022-04-04,1.75
2022-04-11,1.714
2022-04-25,1.755
2022-05-02,1.824
2022-05-09,1.843
2022-05-16,1.822
2022-05-23,1.788
2022-05-30,1.797
2022-06-06,1.871
2022-06-13,1.973
2022-06-20,2.034
2022-06-27,2.056
2022-07-04,2.006
2022-07-11,1.938
2022-07-18,1.922
2022-07-25,1.878
2022-08-01,1.857
2022-08-08,1.783
2022-08-15,1.76
2022-08-22,1.809
2022-08-29,1.898
2022-09-05,1.861
2022-09-12,1.851
2022-09-19,1.784
2022-09-26,1.753
2022-10-03,1.76
2022-10-10,1.853
2022-10-17,1.907
2022-10-24,1.889
2022-10-31,1.848
2022-11-07,1.812
2022-11-14,1.778
2022-11-21,1.713
2022-11-28,1.659
2022-12-05,1.639
2022-12-12,1.562
2022-12-19,1.59
2022-12-26,1.599
2023-01-02,1.633
2023-01-09,1.606
2023-01-16,1.61
2023-01-23,1.635
2023-01-30,1.654
2023-02-06,1.585
2023-02-13,1.546
2023-02-20,1.551
2023-02-27,1.533
2023-03-06,1.563
2023-03-13,1.546
2023-03-20,1.51
2023-03-27,1.5
2023-04-03,1.488
2023-04-10,1.493
2023-04-17,1.487
2023-04-24,1.462
2023-05-01,1.448
2023-05-08,1.397
2023-05-15,1.42
2023-05-22,1.432
2023-05-29,1.431
2023-06-05,1.433
2023-06-12,1.463
2023-06-19,1.468
2023-06-26,1.476
2023-07-03,1.467
2023-07-10,1.495
2023-07-17,1.521
2023-07-24,1.53
2023-07-31,1.614
2023-08-07,1.68
2023-08-14,1.697
2023-08-21,1.701
2023-08-28,1.718
2023-09-04,1.714
2023-09-11,1.748
2023-09-18,1.81
2023-09-25,1.806
2023-10-02,1.801
2023-10-09,1.758
2023-10-16,1.74
2023-10-23,1.76
2023-10-30,1.737
2023-11-06,1.727
2023-11-13,1.681
2023-11-20,1.664
2023-11-27,1.653
2023-12-04,1.639
2023-12-11,1.609
2023-12-18,1.588
2023-12-25,1.59
2024-01-01,1.615
2024-01-08,1.584
2024-01-15,1.593
2024-01-22,1.605
2024-01-29,1.633
2024-02-05,1.657
2024-02-12,1.676
2024-02-19,1.692
2024-02-26,1.67
2024-03-04,1.658
2024-03-11,1.646
2024-03-18,1.641
2024-03-25,1.652
2024-04-01,1.644
2024-04-08,1.669
2024-04-15,1.659
2024-04-22,1.641
2024-04-29,1.622
2024-05-06,1.604
2024-05-13,1.599
2024-05-20,1.591
2024-05-27,1.59
2024-06-03,1.588
2024-06-10,1.576
2024-06-17,1.588
2024-06-24,1.602
2024-07-01,1.619
2024-07-08,1.626
2024-07-15,1.612
2024-07-22,1.592
2024-07-29,1.575
2024-08-05,1.566
2024-08-12,1.546
2024-08-19,1.548
2024-08-26,1.549
2024-09-02,1.563
2024-09-09,1.543
2024-09-16,1.544
2024-09-23,1.548
2024-09-30,1.547
2024-10-07,1.566
2024-10-14,1.596
2024-10-21,1.576
2024-10-28,1.579
2024-11-04,1.571
2024-11-11,1.585
2024-11-18,1.584
2024-11-25,1.606
2024-12-02,1.603
2024-12-09,1.593
2024-12-16,1.596
2024-12-23,1.607
2024-12-30,1.606
2025-01-06,1.601
2025-01-13,1.609
2025-01-20,1.654
2025-01-27,1.632
2025-02-03,1.605
2025-02-10,1.604
2025-02-17,1.614
2025-02-24,1.615
2025-03-03,1.599
2025-03-10,1.568
2025-03-17,1.549
2025-03-24,1.542
2025-03-31,1.557
2025-04-07,1.553
2025-04-14,1.501
2025-04-21,1.495
2025-04-28,1.509
2025-05-05,1.49
2025-05-12,1.484
2025-05-19,1.506
2025-05-26,1.503
2025-06-02,1.497
2025-06-09,1.502
2025-06-16,1.508
2025-06-23,1.573
2025-06-30,1.532
2025-07-07,1.523
2025-07-14,1.556
2025-07-21,1.549
2025-07-28,1.542
2025-08-04,1.54
2025-08-11,1.518
2025-08-18,1.493
2025-08-25,1.493
2025-09-01,1.498
2025-09-08,1.512
2025-09-15,1.517
2025-09-22,1.521
2025-09-29,1.523
2025-10-06,1.509
2025-10-13,1.499
2025-10-20,1.481
2025-10-27,1.493
2025-11-03,1.531
2025-11-10,1.549
2025-11-17,1.553
2025-11-24,1.572
2025-12-01,1.546
2025-12-08,1.52
2025-12-15,1.487
2025-12-22,1.461
2025-12-29,1.457
2026-01-05,1.46
2026-01-12,1.462
2026-01-19,1.48
2026-01-26,1.499
2026-02-02,1.514
2026-02-09,1.537
2026-02-16,1.521
2026-02-23,1.53
2026-03-02,1.552
2026-03-09,1.77
2026-03-16,1.88
2026-03-23,2.016
2026-03-30,2.043
2026-04-06,2.113
2026-04-13,2.091
2026-04-20,1.989
2026-04-27,1.964
2026-05-04,2.038
2026-05-11,1.987
2026-05-18,1.965
2026-05-25,1.969
2026-06-01,1.861
2026-06-08,1.877
2026-06-15,1.858
2026-06-22,1.756
2026-06-29,1.746
2026-07-06,1.764
2026-07-13,1.827
2026-07-20,1.948
2026-07-27,2.031
2026-08-03,2.056
2026-08-10,1.974
2026-08-17,2.024
2026-08-24,2.078
2026-08-31,2.038
2026-09-07,2.114
2026-09-14,2.185
2026-09-21,2.268
