# Gasóleo de calefacción, con impuestos (ES)
# Unidad: EUR/l
# Fuente: Comisión Europea, Weekly Oil Bulletin (datos comunicados por los Estados miembros; España: MITECO) - https://energy.ec.europa.eu/data-and-analysis/weekly-oil-bulletin_en
# Licencia: CC BY 4.0 (Decisión 2011/833/UE) - https://commission.europa.eu/legal-notice_en
# Cita obligatoria: Fuente: Comisión Europea, Weekly Oil Bulletin
# Recopilado por Observatorio de precios de cristalesparachimeneas.es - generado 2026-09-12T03:29:10+00:00
date,value
2005-01-03,0.486
2005-01-10,0.4477
2005-01-17,0.4462
2005-01-24,0.4532
2005-01-31,0.463
2005-02-07,0.4729
2005-02-14,0.4644
2005-02-21,0.4596
2005-02-28,0.4654
2005-03-07,0.4754
2005-03-14,0.5024
2005-03-21,0.5151
2005-04-04,0.5376
2005-04-11,0.5326
2005-04-18,0.5485
2005-04-25,0.5381
2005-05-02,0.5235
2005-05-09,0.4874
2005-05-16,0.5103
2005-05-23,0.5059
2005-05-30,0.4982
2005-06-06,0.5121
2005-06-13,0.5108
2005-06-20,0.5649
2005-06-27,0.5792
2005-07-04,0.5813
2005-07-11,0.5675
2005-07-18,0.5999
2005-07-25,0.5958
2005-08-01,0.5845
2005-08-08,0.5483
2005-08-15,0.5483
2005-08-22,0.6055
2005-08-29,0.623
2005-09-05,0.6286
2005-09-12,0.6133
2005-09-19,0.6403
2005-09-26,0.6294
2005-10-03,0.6489
2005-10-10,0.649
2005-10-17,0.6573
2005-10-24,0.6452
2005-11-07,0.6277
2005-11-14,0.6016
2005-11-21,0.594
2005-11-28,0.5756
2005-12-05,0.574
2005-12-12,0.5645
2005-12-19,0.5752
2006-01-09,0.5818
2006-01-16,0.5847
2006-01-23,0.6017
2006-01-30,0.6067
2006-02-06,0.6104
2006-02-13,0.6115
2006-02-20,0.6037
2006-02-27,0.593
2006-03-06,0.6038
2006-03-13,0.6105
2006-03-20,0.6107
2006-03-27,0.6055
2006-04-03,0.6115
2006-04-10,0.6168
2006-04-24,0.6341
2006-05-01,0.6452
2006-05-08,0.6588
2006-05-15,0.6546
2006-05-22,0.6533
2006-05-29,0.644
2006-06-05,0.6358
2006-06-12,0.6447
2006-06-19,0.6479
2006-06-26,0.6465
2006-07-03,0.6418
2006-07-10,0.6527
2006-07-17,0.6565
2006-07-24,0.65
2006-07-31,0.6496
2006-08-07,0.6427
2006-08-14,0.6525
2006-08-21,0.6612
2006-08-28,0.6594
2006-09-04,0.6425
2006-09-11,0.6428
2006-09-18,0.6213
2006-09-25,0.595
2006-10-02,0.5909
2006-10-09,0.5818
2006-10-16,0.5834
2006-10-23,0.5925
2006-10-30,0.5977
2006-11-06,0.5919
2006-11-13,0.5796
2006-11-20,0.5788
2006-11-27,0.5787
2006-12-04,0.5795
2006-12-11,0.5815
2006-12-18,0.5794
2007-01-08,0.5647
2007-01-15,0.5519
2007-01-22,0.5408
2007-01-29,0.5317
2007-02-05,0.5355
2007-02-12,0.5446
2007-02-19,0.5528
2007-02-26,0.5563
2007-03-05,0.5549
2007-03-12,0.5662
2007-03-19,0.5717
2007-03-26,0.567
2007-04-02,0.565
2007-04-16,0.5962
2007-04-23,0.5943
2007-04-30,0.5943
2007-05-07,0.5949
2007-05-14,0.5981
2007-05-21,0.5933
2007-05-28,0.5991
2007-06-04,0.6014
2007-06-11,0.6061
2007-06-18,0.6069
2007-06-25,0.6122
2007-07-02,0.6173
2007-07-09,0.6173
2007-07-16,0.6212
2007-07-23,0.6278
2007-07-30,0.6236
2007-08-06,0.6264
2007-08-13,0.644
2007-08-20,0.619
2007-08-27,0.6172
2007-09-03,0.6166
2007-09-10,0.6197
2007-09-17,0.6298
2007-09-24,0.6462
2007-10-01,0.6581
2007-10-08,0.6548
2007-10-15,0.6566
2007-10-22,0.67
2007-10-29,0.685
2007-11-05,0.707
2007-11-12,0.728
2007-11-19,0.7376
2007-11-26,0.7518
2007-12-03,0.7479
2007-12-10,0.7386
2007-12-17,0.7329
2008-01-07,0.7506
2008-01-14,0.7449
2008-01-21,0.7336
2008-01-28,0.7245
2008-02-04,0.7267
2008-02-11,0.7284
2008-02-18,0.7532
2008-02-25,0.7728
2008-03-03,0.7845
2008-03-10,0.7978
2008-03-17,0.8104
2008-03-31,0.7994
2008-04-07,0.7954
2008-04-14,0.8111
2008-04-21,0.8302
2008-04-28,0.8477
2008-05-05,0.8569
2008-05-12,0.9024
2008-05-19,0.9315
2008-05-26,0.9587
2008-06-02,0.9657
2008-06-09,0.965
2008-06-16,0.9825
2008-06-23,0.9793
2008-06-30,0.9776
2008-07-07,0.9897
2008-07-14,0.9965
2008-07-21,1.0005
2008-07-28,0.9564
2008-08-04,0.9259
2008-08-11,0.898
2008-08-18,0.88
2008-08-25,0.8608
2008-09-01,0.8814
2008-09-08,0.874
2008-09-15,0.8656
2008-09-22,0.8438
2008-09-29,0.8385
2008-10-06,0.8437
2008-10-13,0.8109
2008-10-20,0.7556
2008-10-27,0.7205
2008-11-03,0.7034
2008-11-10,0.7021
2008-11-17,0.6819
2008-11-24,0.6476
2008-12-01,0.6245
2008-12-08,0.6123
2008-12-15,0.5649
2009-01-05,0.5188
2009-01-12,0.5467
2009-01-19,0.5559
2009-01-26,0.5419
2009-02-02,0.5361
2009-02-09,0.5347
2009-02-16,0.5292
2009-02-23,0.5076
2009-03-02,0.4944
2009-03-09,0.4856
2009-03-16,0.4819
2009-03-23,0.4859
2009-03-30,0.5032
2009-04-06,0.5152
2009-04-20,0.5271
2009-04-27,0.5199
2009-05-04,0.5156
2009-05-11,0.5128
2009-05-18,0.5296
2009-05-25,0.525
2009-06-01,0.5281
2009-06-08,0.544
2009-06-15,0.5702
2009-06-22,0.5862
2009-06-29,0.5837
2009-07-06,0.5791
2009-07-13,0.5592
2009-07-20,0.5505
2009-07-27,0.5534
2009-08-03,0.5725
2009-08-10,0.5798
2009-08-17,0.596
2009-08-24,0.5943
2009-08-31,0.5929
2009-09-07,0.5854
2009-09-14,0.5758
2009-09-21,0.5691
2009-09-28,0.5649
2009-10-05,0.56
2009-10-12,0.5563
2009-10-19,0.5783
2009-10-26,0.5921
2009-11-02,0.5991
2009-11-09,0.6044
2009-11-16,0.5997
2009-11-23,0.6003
2009-11-30,0.5953
2009-12-07,0.594
2009-12-14,0.5955
2009-12-21,0.5946
2010-01-04,0.6084
2010-01-11,0.6373
2010-01-18,0.6331
2010-01-25,0.6286
2010-02-01,0.6203
2010-02-08,0.6192
2010-02-15,0.6144
2010-02-22,0.6212
2010-03-01,0.6407
2010-03-08,0.6493
2010-03-15,0.6601
2010-03-22,0.6637
2010-03-29,0.6682
2010-04-12,0.6981
2010-04-19,0.6997
2010-04-26,0.702
2010-05-03,0.7115
2010-05-10,0.7154
2010-05-17,0.714
2010-05-24,0.6961
2010-05-31,0.6884
2010-06-07,0.6877
2010-06-14,0.6969
2010-06-21,0.7127
2010-06-28,0.7225
2010-07-05,0.724
2010-07-12,0.7057
2010-07-19,0.7015
2010-07-26,0.6956
2010-08-02,0.6994
2010-08-09,0.7063
2010-08-16,0.7082
2010-08-23,0.6953
2010-08-30,0.6879
2010-09-06,0.6913
2010-09-13,0.6961
2010-09-20,0.707
2010-09-27,0.7024
2010-10-04,0.7017
2010-10-11,0.7071
2010-10-18,0.7089
2010-10-25,0.7064
2010-11-08,0.7049
2010-11-15,0.7166
2010-11-22,0.72
2010-11-29,0.7268
2010-12-06,0.7404
2010-12-13,0.7528
2010-12-20,0.7734
2011-01-03,0.7782
2011-01-10,0.7796
2011-01-17,0.7958
2011-01-24,0.7998
2011-01-31,0.797
2011-02-07,0.8107
2011-02-14,0.814
2011-02-21,0.826
2011-02-28,0.8433
2011-03-07,0.8651
2011-03-14,0.8805
2011-03-21,0.8795
2011-03-28,0.8827
2011-04-04,0.8819
2011-04-11,0.8849
2011-04-18,0.8973
2011-05-02,0.8852
2011-05-09,0.8681
2011-05-16,0.8533
2011-05-23,0.8363
2011-05-30,0.8438
2011-06-06,0.8458
2011-06-13,0.8446
2011-06-20,0.8553
2011-06-27,0.8488
2011-07-04,0.8346
2011-07-11,0.834
2011-07-18,0.8678
2011-07-25,0.875
2011-08-01,0.8782
2011-08-08,0.8694
2011-08-22,0.845
2011-08-29,0.8523
2011-09-05,0.8546
2011-09-12,0.8622
2011-09-19,0.8651
2011-09-26,0.8685
2011-10-03,0.8594
2011-10-10,0.8542
2011-10-17,0.8608
2011-10-24,0.8699
2011-10-31,0.8775
2011-11-07,0.8813
2011-11-14,0.8996
2011-11-21,0.9135
2011-11-28,0.9097
2011-12-05,0.9101
2011-12-12,0.907
2011-12-19,0.897
2012-01-09,0.9137
2012-01-16,0.9361
2012-01-23,0.9378
2012-01-30,0.928
2012-02-06,0.9287
2012-02-13,0.9504
2012-02-20,0.9553
2012-02-27,0.9654
2012-03-05,0.9615
2012-03-12,0.9646
2012-03-19,0.9801
2012-03-26,0.9763
2012-04-02,0.9683
2012-04-16,0.9674
2012-04-23,0.9595
2012-04-30,0.959
2012-05-07,0.9598
2012-05-14,0.9442
2012-05-21,0.9345
2012-05-28,0.9289
2012-06-04,0.9204
2012-06-11,0.8906
2012-06-18,0.8835
2012-06-25,0.8754
2012-07-02,0.8662
2012-07-09,0.8842
2012-07-16,0.9018
2012-07-23,0.9301
2012-07-30,0.9384
2012-08-06,0.9427
2012-08-13,0.9492
2012-08-20,0.9619
2012-08-27,0.9856
2012-09-03,1.0028
2012-09-10,1.0115
2012-09-17,1.0079
2012-09-24,0.9903
2012-10-01,0.9796
2012-10-08,0.9831
2012-10-15,0.9931
2012-10-22,0.9911
2012-10-29,0.9864
2012-11-05,0.9724
2012-11-12,0.9607
2012-11-19,0.9577
2012-11-26,0.96
2012-12-03,0.9534
2012-12-10,0.9506
2012-12-17,0.9364
2013-01-07,0.9311
2013-01-14,0.9438
2013-01-21,0.9431
2013-01-28,0.9486
2013-02-04,0.9477
2013-02-11,0.9569
2013-02-18,0.9677
2013-02-25,0.9719
2013-03-04,0.9538
2013-03-11,0.9371
2013-03-18,0.936
2013-03-25,0.9263
2013-04-08,0.9249
2013-04-15,0.908
2013-04-22,0.8827
2013-04-29,0.877
2013-05-06,0.8759
2013-05-13,0.8769
2013-05-20,0.8845
2013-05-27,0.8908
2013-06-03,0.8932
2013-06-10,0.8806
2013-06-17,0.8828
2013-06-24,0.8876
2013-07-01,0.8754
2013-07-08,0.8983
2013-07-15,0.9136
2013-07-22,0.9189
2013-07-29,0.9094
2013-08-05,0.8872
2013-08-12,0.8789
2013-08-19,0.9074
2013-08-26,0.9136
2013-09-02,0.9318
2013-09-09,0.9493
2013-09-16,0.9405
2013-09-23,0.9256
2013-09-30,0.9117
2013-10-07,0.9
2013-10-14,0.9013
2013-10-21,0.9007
2013-10-28,0.9067
2013-11-04,0.8916
2013-11-11,0.8897
2013-11-18,0.8885
2013-11-25,0.8943
2013-12-02,0.9079
2013-12-09,0.9018
2013-12-16,0.9015
2014-01-06,0.9122
2014-01-13,0.8959
2014-01-20,0.9013
2014-01-27,0.8882
2014-02-03,0.8922
2014-02-10,0.8945
2014-02-17,0.8905
2014-02-24,0.895
2014-03-03,0.8914
2014-03-10,0.8912
2014-03-17,0.8795
2014-03-24,0.8681
2014-03-31,0.8733
2014-04-07,0.867
2014-04-14,0.8681
2014-04-28,0.8746
2014-05-05,0.8748
2014-05-12,0.8695
2014-05-19,0.8746
2014-05-26,0.8806
2014-06-02,0.8825
2014-06-09,0.8745
2014-06-16,0.8752
2014-06-23,0.8855
2014-06-30,0.8913
2014-07-07,0.8859
2014-07-14,0.8811
2014-07-21,0.8742
2014-07-28,0.8683
2014-08-04,0.8725
2014-08-11,0.8743
2014-08-18,0.8761
2014-08-25,0.8708
2014-09-01,0.87
2014-09-08,0.871
2014-09-15,0.8694
2014-09-22,0.8687
2014-09-29,0.8599
2014-10-06,0.8567
2014-10-13,0.8419
2014-10-20,0.8115
2014-10-27,0.8117
2014-11-03,0.8108
2014-11-10,0.8122
2014-11-17,0.809
2014-11-24,0.7858
2014-12-01,0.7767
2014-12-08,0.7661
2014-12-15,0.7266
2015-01-05,0.6643
2015-01-12,0.6412
2015-01-19,0.6274
2015-01-26,0.619
2015-02-02,0.6279
2015-02-09,0.6732
2015-02-16,0.692
2015-02-23,0.7087
2015-03-02,0.7148
2015-03-09,0.7221
2015-03-16,0.718
2015-03-23,0.7064
2015-03-30,0.7036
2015-04-13,0.697
2015-04-20,0.7132
2015-04-27,0.7308
2015-05-04,0.7413
2015-05-11,0.7445
2015-05-18,0.7434
2015-05-25,0.7421
2015-06-01,0.7452
2015-06-08,0.7473
2015-06-15,0.7242
2015-06-22,0.7212
2015-06-29,0.7212
2015-07-06,0.7174
2015-07-13,0.709
2015-07-20,0.6982
2015-07-27,0.6962
2015-08-03,0.6776
2015-08-10,0.6632
2015-08-17,0.6614
2015-08-24,0.6412
2015-08-31,0.6044
2015-09-07,0.6189
2015-09-14,0.633
2015-09-21,0.617
2015-09-28,0.6183
2015-10-05,0.6188
2015-10-12,0.6301
2015-10-19,0.6109
2015-10-26,0.602
2015-11-02,0.6069
2015-11-09,0.6138
2015-11-16,0.6145
2015-11-23,0.6025
2015-11-30,0.6025
2015-12-07,0.6002
2015-12-14,0.5581
2016-01-04,0.5129
2016-01-11,0.5111
2016-01-18,0.488
2016-01-25,0.4689
2016-02-01,0.4792
2016-02-08,0.4845
2016-02-15,0.4756
2016-02-22,0.4868
2016-02-29,0.4764
2016-03-07,0.4946
2016-03-14,0.5121
2016-03-21,0.5213
2016-04-04,0.5153
2016-04-11,0.5067
2016-04-18,0.5181
2016-04-25,0.5262
2016-05-02,0.5419
2016-05-09,0.5453
2016-05-16,0.5465
2016-05-23,0.5647
2016-05-30,0.579
2016-06-06,0.5941
2016-06-13,0.5946
2016-06-20,0.5903
2016-06-27,0.5915
2016-07-04,0.5863
2016-07-11,0.5892
2016-07-18,0.578
2016-07-25,0.5752
2016-08-01,0.56
2016-08-08,0.5808
2016-08-15,0.6225
2016-08-22,0.6165
2016-08-29,0.6739
2016-09-05,0.6478
2016-09-12,0.5716
2016-09-19,0.5748
2016-09-26,0.5813
2016-10-03,0.5826
2016-10-10,0.6032
2016-10-17,0.6114
2016-10-24,0.6119
2016-10-31,0.6146
2016-11-07,0.6035
2016-11-14,0.5935
2016-11-21,0.5912
2016-11-28,0.6064
2016-12-05,0.6213
2016-12-12,0.6437
2016-12-19,0.6503
2017-01-02,0.6711
2017-01-09,0.6866
2017-01-16,0.7332
2017-01-23,0.7572
2017-01-30,0.7341
2017-02-06,0.7223
2017-02-13,0.6974
2017-02-20,0.6899
2017-02-27,0.6925
2017-03-06,0.6886
2017-03-13,0.6777
2017-03-20,0.6715
2017-03-27,0.6581
2017-04-03,0.6503
2017-04-10,0.6666
2017-04-24,0.6726
2017-05-01,0.6707
2017-05-08,0.6832
2017-05-15,0.6331
2017-05-22,0.6381
2017-05-29,0.6369
2017-06-05,0.6286
2017-06-12,0.6208
2017-06-19,0.5989
2017-06-26,0.5751
2017-07-03,0.5932
2017-07-10,0.5964
2017-07-17,0.5955
2017-07-24,0.5951
2017-07-31,0.5942
2017-08-07,0.6171
2017-08-14,0.6194
2017-08-21,0.6152
2017-08-28,0.6095
2017-09-04,0.6167
2017-09-11,0.632
2017-09-18,0.6285
2017-09-25,0.6354
2017-10-02,0.6237
2017-10-09,0.645
2017-10-16,0.643
2017-10-23,0.6443
2017-10-30,0.6483
2017-11-06,0.6564
2017-11-13,0.682
2017-11-20,0.6787
2017-11-27,0.6803
2017-12-04,0.6845
2017-12-11,0.687
2017-12-18,0.6887
2018-01-01,0.6924
2018-01-08,0.7134
2018-01-15,0.7308
2018-01-22,0.7279
2018-01-29,0.7248
2018-02-05,0.7176
2018-02-12,0.7054
2018-02-19,0.6852
2018-02-26,0.6848
2018-03-05,0.6894
2018-03-12,0.6819
2018-03-19,0.6788
2018-03-26,0.6741
2018-04-09,0.7053
2018-04-16,0.7148
2018-04-23,0.7227
2018-04-30,0.7189
2018-05-07,0.7398
2018-05-14,0.7414
2018-05-21,0.7691
2018-05-28,0.7766
2018-06-04,0.7852
2018-06-11,0.7744
2018-06-18,0.7781
2018-06-25,0.7784
2018-07-02,0.7767
2018-07-09,0.7893
2018-07-16,0.7756
2018-07-23,0.7801
2018-07-30,0.7816
2018-08-06,0.7815
2018-08-13,0.7819
2018-08-20,0.7853
2018-08-27,0.7824
2018-09-03,0.7896
2018-09-10,0.8031
2018-09-17,0.7907
2018-09-24,0.806
2018-10-01,0.8219
2018-10-08,0.8632
2018-10-15,0.8573
2018-10-22,0.8435
2018-10-29,0.8473
2018-11-05,0.8429
2018-11-12,0.827
2018-11-19,0.8153
2018-11-26,0.7898
2018-12-03,0.7602
2018-12-10,0.7465
2018-12-17,0.7363
2019-01-07,0.6902
2019-01-14,0.716
2019-01-21,0.7285
2019-01-28,0.7296
2019-02-04,0.7346
2019-02-11,0.7429
2019-02-18,0.759
2019-02-25,0.7779
2019-03-04,0.7756
2019-03-11,0.7783
2019-03-18,0.7781
2019-03-25,0.7697
2019-04-01,0.775
2019-04-08,0.7822
2019-04-15,0.7946
2019-04-29,0.8083
2019-05-06,0.809
2019-05-13,0.8109
2019-05-20,0.8125
2019-05-27,0.8144
2019-06-03,0.7913
2019-06-10,0.7465
2019-06-17,0.7429
2019-06-24,0.7575
2019-07-01,0.7705
2019-07-08,0.772
2019-07-15,0.7679
2019-07-22,0.7763
2019-07-29,0.7706
2019-08-05,0.784
2019-08-12,0.7603
2019-08-19,0.7655
2019-08-26,0.7665
2019-09-02,0.7649
2019-09-09,0.7737
2019-09-16,0.7878
2019-09-23,0.8006
2019-09-30,0.7947
2019-10-07,0.7705
2019-10-14,0.7692
2019-10-21,0.767
2019-10-28,0.7694
2019-11-04,0.7682
2019-11-11,0.766
2019-11-18,0.7705
2019-11-25,0.7672
2019-12-02,0.766
2019-12-09,0.7681
2019-12-16,0.7723
2020-01-06,0.8061
2020-01-13,0.7953
2020-01-20,0.7792
2020-01-27,0.7638
2020-02-03,0.7394
2020-02-10,0.7098
2020-02-17,0.7106
2020-02-24,0.7149
2020-03-02,0.684
2020-03-09,0.6582
2020-03-16,0.5972
2020-03-23,0.5637
2020-03-30,0.5461
2020-04-06,0.5334
2020-04-20,0.4953
2020-04-27,0.4655
2020-05-04,0.4544
2020-05-11,0.4575
2020-05-18,0.4674
2020-05-25,0.475
2020-06-01,0.4831
2020-06-08,0.5038
2020-06-15,0.5249
2020-06-22,0.5288
2020-06-29,0.5365
2020-07-06,0.5457
2020-07-13,0.5576
2020-07-20,0.5494
2020-07-27,0.5537
2020-08-03,0.552
2020-08-10,0.548
2020-08-17,0.5514
2020-08-24,0.5462
2020-08-31,0.5402
2020-09-07,0.5345
2020-09-14,0.5192
2020-09-21,0.5089
2020-09-28,0.5111
2020-10-05,0.5123
2020-10-12,0.5159
2020-10-19,0.5218
2020-10-26,0.5153
2020-11-02,0.5095
2020-11-09,0.5086
2020-11-16,0.5216
2020-11-23,0.525
2020-11-30,0.5519
2020-12-07,0.5519
2020-12-14,0.5699
2020-12-21,0.5801
2021-01-11,0.5929
2021-01-18,0.6069
2021-01-25,0.6222
2021-02-01,0.614
2021-02-08,0.6268
2021-02-15,0.6448
2021-02-22,0.6521
2021-03-01,0.6709
2021-03-08,0.6749
2021-03-15,0.6889
2021-03-22,0.6841
2021-03-29,0.6688
2021-04-12,0.6673
2021-04-19,0.6723
2021-04-26,0.6726
2021-05-03,0.6727
2021-05-10,0.6864
2021-05-17,0.6963
2021-05-24,0.6911
2021-05-31,0.687
2021-06-07,0.6939
2021-06-14,0.7088
2021-06-21,0.7245
2021-06-28,0.7314
2021-07-05,0.7391
2021-07-12,0.7376
2021-07-19,0.7398
2021-07-26,0.7257
2021-08-02,0.7476
2021-08-09,0.7549
2021-08-16,0.7381
2021-08-23,0.7248
2021-08-30,0.7229
2021-09-06,0.741
2021-09-13,0.7444
2021-09-20,0.7585
2021-09-27,0.7706
2021-10-04,0.7924
2021-10-11,0.8255
2021-10-18,0.8417
2021-10-25,0.8549
2021-11-01,0.8596
2021-11-08,0.8551
2021-11-15,0.8615
2021-11-22,0.8492
2021-11-29,0.8496
2021-12-06,0.8303
2021-12-13,0.8095
2021-12-20,0.8147
2022-01-03,0.83
2022-01-10,0.8583
2022-01-17,0.8693
2022-01-24,0.9089
2022-01-31,0.9152
2022-02-07,0.9506
2022-02-14,0.9545
2022-02-21,0.9734
2022-02-28,0.9951
2022-03-07,1.175
2022-03-14,1.3934
2022-03-21,1.3391
2022-03-28,1.391
2022-04-04,1.3153
2022-04-11,1.3144
2022-04-25,1.3747
2022-05-02,1.3522
2022-05-09,1.3927
2022-05-16,1.3546
2022-05-23,1.3356
2022-05-30,1.3689
2022-06-06,1.4324
2022-06-13,1.5234
2022-06-20,1.5937
2022-06-27,1.5855
2022-07-04,1.5627
2022-07-11,1.502
2022-07-18,1.4774
2022-07-25,1.4354
2022-08-01,1.3995
2022-08-08,1.346
2022-08-15,1.2529
2022-08-22,1.3315
2022-08-29,1.3677
2022-09-05,1.3951
2022-09-12,1.3787
2022-09-19,1.3218
2022-09-26,1.3073
2022-10-03,1.31
2022-10-10,1.3912
2022-10-17,1.4811
2022-10-24,1.4383
2022-10-31,1.4182
2022-11-07,1.3936
2022-11-14,1.3747
2022-11-21,1.2936
2022-11-28,1.2609
2022-12-05,1.2192
2022-12-12,1.1656
2022-12-19,1.1558
2022-12-26,1.1363
2023-01-02,1.1809
2023-01-09,1.1922
2023-01-16,1.1627
2023-01-23,1.1565
2023-01-30,1.1687
2023-02-06,1.111
2023-02-13,1.0929
2023-02-20,1.0965
2023-02-27,1.0714
2023-03-06,1.0977
2023-03-13,1.0855
2023-03-20,1.058
2023-03-27,1.0383
2023-04-03,1.0208
2023-04-10,1.0106
2023-04-17,1.0149
2023-04-24,0.9812
2023-05-01,0.9556
2023-05-08,0.9141
2023-05-15,0.9182
2023-05-22,0.9217
2023-05-29,0.9176
2023-06-05,0.9094
2023-06-12,0.9295
2023-06-19,0.9346
2023-06-26,0.9337
2023-07-03,0.9185
2023-07-10,0.9395
2023-07-17,0.9558
2023-07-24,0.9563
2023-07-31,0.9969
2023-08-07,1.0571
2023-08-14,1.1012
2023-08-21,1.1104
2023-08-28,1.1284
2023-09-04,1.1052
2023-09-11,1.144
2023-09-18,1.1683
2023-09-25,1.173
2023-10-02,1.1846
2023-10-09,1.1544
2023-10-16,1.1348
2023-10-23,1.1559
2023-10-30,1.1451
2023-11-06,1.1247
2023-11-13,1.0877
2023-11-20,1.0563
2023-11-27,1.051
2023-12-04,1.0624
2023-12-11,1.0256
2023-12-18,0.997
2023-12-25,0.9937
2024-01-01,0.9829
2024-01-08,0.9939
2024-01-15,0.9985
2024-01-22,1.0098
2024-01-29,1.018
2024-02-05,1.0427
2024-02-12,1.0546
2024-02-19,1.0728
2024-02-26,1.0583
2024-03-04,1.0554
2024-03-11,1.0406
2024-03-18,1.0377
2024-03-25,1.0449
2024-04-01,1.0615
2024-04-08,1.0532
2024-04-15,1.06
2024-04-22,1.0535
2024-04-29,1.042
2024-05-06,1.0352
2024-05-13,1.013
2024-05-20,1.0036
2024-05-27,1.0027
2024-06-03,0.987
2024-06-10,0.9741
2024-06-17,0.9851
2024-06-24,1.0152
2024-07-01,1.0087
2024-07-08,1.0233
2024-07-15,1.0312
2024-07-22,0.9772
2024-07-29,0.9888
2024-08-05,0.9792
2024-08-12,0.965
2024-08-19,0.9934
2024-08-26,0.9438
2024-09-02,0.9379
2024-09-09,0.9034
2024-09-16,0.8836
2024-09-23,0.8772
2024-09-30,0.8768
2024-10-07,0.8939
2024-10-14,0.9217
2024-10-21,0.9183
2024-10-28,0.9099
2024-11-04,0.9121
2024-11-11,0.925
2024-11-18,0.9283
2024-11-25,0.9327
2024-12-02,0.9355
2024-12-09,0.9321
2024-12-16,0.9322
2024-12-23,0.9391
2024-12-30,0.9414
2025-01-06,0.9477
2025-01-13,0.9803
2025-01-20,1.0134
2025-01-27,1.0061
2025-02-03,0.9927
2025-02-10,0.986
2025-02-17,0.9968
2025-02-24,0.9941
2025-03-03,0.9849
2025-03-10,0.9513
2025-03-17,0.9327
2025-03-24,0.9215
2025-03-31,0.9294
2025-04-07,0.9221
2025-04-14,0.8884
2025-04-21,0.876
2025-04-28,0.8639
2025-05-05,0.8629
2025-05-12,0.8589
2025-05-19,0.8632
2025-05-26,0.8588
2025-06-02,0.8574
2025-06-09,0.8588
2025-06-16,0.8667
2025-06-23,0.9386
2025-06-30,0.9439
2025-07-07,0.9323
2025-07-14,0.9436
2025-07-21,0.9309
2025-07-28,0.9447
2025-08-04,0.9407
2025-08-11,0.9299
2025-08-18,0.8991
2025-08-25,0.8871
2025-09-01,0.8938
2025-09-08,0.8939
2025-09-15,0.8983
2025-09-22,0.8952
2025-09-29,0.8986
2025-10-06,0.9074
2025-10-13,0.896
2025-10-20,0.8696
2025-10-27,0.8816
2025-11-03,0.9051
2025-11-10,0.9252
2025-11-17,0.9258
2025-11-24,0.9385
2025-12-01,0.9109
2025-12-08,0.882
2025-12-15,0.8828
2025-12-22,0.8536
2025-12-29,0.8597
2026-01-05,0.8439
2026-01-12,0.8568
2026-01-19,0.876
2026-01-26,0.8844
2026-02-02,0.8984
2026-02-09,0.8941
2026-02-16,0.8992
2026-02-23,0.9116
2026-03-02,0.9481
2026-03-09,1.2295
2026-03-16,1.3729
2026-03-23,1.4498
2026-03-30,1.2311
2026-04-06,1.2561
2026-04-13,1.3809
2026-04-20,1.2848
2026-04-27,1.2237
2026-05-04,1.2582
2026-05-11,1.1971
2026-05-18,1.1722
2026-05-25,1.1707
2026-06-01,1.1066
2026-06-08,1.0915
2026-06-15,1.0546
2026-06-22,0.9806
2026-06-29,0.9544
2026-07-06,1.0785
2026-07-13,1.1107
2026-07-20,1.1963
2026-07-27,1.2749
2026-08-03,1.27
2026-08-10,1.2914
2026-08-17,1.3233
2026-08-24,1.3479
2026-08-31,1.3227
2026-09-07,1.3962
