# Gasóleo de calefacción, con impuestos (AT)
# Unidad: EUR/l
# Fuente: Comisión Europea, Weekly Oil Bulletin - https://energy.ec.europa.eu/data-and-analysis/weekly-oil-bulletin_en
# Licencia: CC BY 4.0 (Decisión 2011/833/UE) - https://commission.europa.eu/legal-notice_en
# Cita obligatoria: Fuente: Comisión Europea, Weekly Oil Bulletin
# Recopilado por Observatorio de precios de cristalesparachimeneas.es - generado 2026-09-21T09:56:10+00:00
date,value
2005-01-03,0.4952
2005-01-10,0.4832
2005-01-17,0.4927
2005-01-24,0.5
2005-01-31,0.513
2005-02-07,0.5067
2005-02-14,0.5101
2005-02-21,0.5123
2005-02-28,0.5288
2005-03-07,0.5602
2005-03-14,0.5636
2005-03-21,0.5675
2005-04-04,0.5814
2005-04-11,0.5967
2005-04-18,0.5728
2005-04-25,0.5639
2005-05-02,0.5665
2005-05-09,0.5555
2005-05-16,0.5455
2005-05-23,0.5384
2005-05-30,0.5475
2005-06-06,0.5763
2005-06-13,0.604
2005-06-20,0.6225
2005-06-27,0.6271
2005-07-04,0.6272
2005-07-11,0.6585
2005-07-18,0.6472
2005-07-25,0.6298
2005-08-01,0.6282
2005-08-08,0.6322
2005-08-15,0.6322
2005-08-22,0.6776
2005-08-29,0.6919
2005-09-05,0.7477
2005-09-12,0.7275
2005-09-19,0.6904
2005-09-26,0.7233
2005-10-03,0.7405
2005-10-10,0.7128
2005-10-17,0.7138
2005-10-24,0.6916
2005-11-07,0.6612
2005-11-14,0.647
2005-11-21,0.64
2005-11-28,0.6337
2005-12-05,0.6371
2005-12-12,0.6457
2005-12-19,0.655
2006-01-09,0.656
2006-01-16,0.6448
2006-01-23,0.6569
2006-01-30,0.6605
2006-02-06,0.6621
2006-02-13,0.6537
2006-02-20,0.6515
2006-02-27,0.6543
2006-03-06,0.6764
2006-03-13,0.6603
2006-03-20,0.6762
2006-03-27,0.6736
2006-04-03,0.6903
2006-04-10,0.6896
2006-04-24,0.7214
2006-05-01,0.7139
2006-05-08,0.6984
2006-05-15,0.708
2006-05-22,0.6854
2006-05-29,0.6971
2006-06-05,0.702
2006-06-12,0.7024
2006-06-19,0.7026
2006-06-26,0.7049
2006-07-03,0.7172
2006-07-10,0.7093
2006-07-17,0.7279
2006-07-24,0.7131
2006-07-31,0.7107
2006-08-07,0.7326
2006-08-14,0.7377
2006-08-21,0.7203
2006-08-28,0.7308
2006-09-04,0.7262
2006-09-11,0.7056
2006-09-18,0.6592
2006-09-25,0.6484
2006-10-02,0.6772
2006-10-09,0.6749
2006-10-16,0.6824
2006-10-23,0.6808
2006-10-30,0.6779
2006-11-06,0.666
2006-11-13,0.6765
2006-11-20,0.6671
2006-11-27,0.6471
2006-12-04,0.6574
2006-12-11,0.6482
2006-12-18,0.6367
2007-01-08,0.5981
2007-01-15,0.582
2007-01-22,0.5701
2007-01-29,0.5888
2007-02-05,0.6038
2007-02-12,0.6086
2007-02-19,0.5954
2007-02-26,0.6051
2007-03-05,0.615
2007-03-12,0.6135
2007-03-19,0.6045
2007-03-26,0.604
2007-04-02,0.6335
2007-04-16,0.6407
2007-04-23,0.6254
2007-04-30,0.6352
2007-05-07,0.6309
2007-05-14,0.6292
2007-05-21,0.6379
2007-05-28,0.6491
2007-06-04,0.6359
2007-06-11,0.6483
2007-06-18,0.658
2007-06-25,0.6627
2007-07-02,0.6625
2007-07-09,0.6654
2007-07-16,0.6716
2007-07-23,0.6684
2007-07-30,0.6674
2007-08-06,0.6705
2007-08-13,0.6509
2007-08-20,0.658
2007-08-27,0.6522
2007-09-03,0.6676
2007-09-10,0.6913
2007-09-17,0.7068
2007-09-24,0.7096
2007-10-01,0.7055
2007-10-08,0.6936
2007-10-15,0.6999
2007-10-22,0.7158
2007-10-29,0.7244
2007-11-05,0.7505
2007-11-12,0.7738
2007-11-19,0.7681
2007-11-26,0.7861
2007-12-03,0.7721
2007-12-10,0.7538
2007-12-17,0.7702
2008-01-07,0.7937
2008-01-14,0.7621
2008-01-21,0.7482
2008-01-28,0.7415
2008-02-04,0.7465
2008-02-11,0.7515
2008-02-18,0.7894
2008-02-25,0.8105
2008-03-03,0.8087
2008-03-10,0.8253
2008-03-17,0.8361
2008-03-31,0.8161
2008-04-07,0.8127
2008-04-14,0.8596
2008-04-21,0.8606
2008-04-28,0.8815
2008-05-05,0.8878
2008-05-12,0.9532
2008-05-19,0.9754
2008-05-26,1.0186
2008-06-02,1.0036
2008-06-09,1.0094
2008-06-16,1.0506
2008-06-23,1.0461
2008-06-30,1.0493
2008-07-07,1.0819
2008-07-14,1.0632
2008-07-21,1.031
2008-07-28,0.9929
2008-08-04,0.9696
2008-08-11,0.9249
2008-08-18,0.9209
2008-08-25,0.9463
2008-09-01,0.9459
2008-09-08,0.9124
2008-09-15,0.9067
2008-09-22,0.8795
2008-09-29,0.9433
2008-10-06,0.9237
2008-10-13,0.8601
2008-10-20,0.8333
2008-10-27,0.8915
2008-11-03,0.846
2008-11-10,0.8261
2008-11-17,0.7681
2008-11-24,0.6847
2008-12-01,0.6634
2008-12-08,0.6081
2008-12-15,0.5971
2009-01-05,0.574
2009-01-12,0.6228
2009-01-19,0.6222
2009-01-26,0.5899
2009-02-02,0.5996
2009-02-09,0.5924
2009-02-16,0.5745
2009-02-23,0.5419
2009-03-02,0.559
2009-03-09,0.5479
2009-03-16,0.5517
2009-03-23,0.5862
2009-03-30,0.6129
2009-04-06,0.6031
2009-04-20,0.5944
2009-04-27,0.574
2009-05-04,0.5703
2009-05-11,0.6065
2009-05-18,0.5942
2009-05-25,0.5869
2009-06-01,0.6099
2009-06-08,0.6327
2009-06-15,0.6517
2009-06-22,0.6526
2009-06-29,0.6459
2009-07-06,0.6258
2009-07-13,0.5935
2009-07-20,0.6014
2009-07-27,0.6385
2009-08-03,0.638
2009-08-10,0.6637
2009-08-17,0.6555
2009-08-24,0.6509
2009-08-31,0.6432
2009-09-07,0.6234
2009-09-14,0.6231
2009-09-21,0.6339
2009-09-28,0.6104
2009-10-05,0.6258
2009-10-12,0.6293
2009-10-19,0.6562
2009-10-26,0.6773
2009-11-02,0.6766
2009-11-09,0.668
2009-11-16,0.6533
2009-11-23,0.6545
2009-11-30,0.6431
2009-12-07,0.6504
2009-12-14,0.6359
2009-12-21,0.652
2010-01-04,0.6811
2010-01-11,0.7033
2010-01-18,0.6822
2010-01-25,0.6665
2010-02-01,0.6654
2010-02-08,0.6712
2010-02-15,0.672
2010-02-22,0.6965
2010-03-01,0.7018
2010-03-08,0.7164
2010-03-15,0.7317
2010-03-22,0.7355
2010-03-29,0.7419
2010-04-12,0.7804
2010-04-19,0.7674
2010-04-26,0.7705
2010-05-03,0.7915
2010-05-10,0.7786
2010-05-17,0.7843
2010-05-24,0.7472
2010-05-31,0.759
2010-06-07,0.7717
2010-06-14,0.7787
2010-06-21,0.7944
2010-06-28,0.7833
2010-07-05,0.7474
2010-07-12,0.7465
2010-07-19,0.7395
2010-07-26,0.7443
2010-08-02,0.7402
2010-08-09,0.7597
2010-08-16,0.7419
2010-08-23,0.7378
2010-08-30,0.7401
2010-09-06,0.7475
2010-09-13,0.7631
2010-09-20,0.7554
2010-09-27,0.7516
2010-10-04,0.7687
2010-10-11,0.7706
2010-10-18,0.7637
2010-10-25,0.7558
2010-11-08,0.7731
2010-11-15,0.7952
2010-11-22,0.7739
2010-11-29,0.7956
2010-12-06,0.824
2010-12-13,0.8325
2010-12-20,0.8233
2011-01-03,0.8419
2011-01-10,0.8451
2011-01-17,0.8624
2011-01-24,0.8449
2011-01-31,0.8469
2011-02-07,0.8739
2011-02-14,0.8771
2011-02-21,0.8912
2011-02-28,0.9187
2011-03-07,0.9479
2011-03-14,0.9437
2011-03-21,0.9338
2011-03-28,0.9443
2011-04-04,0.9526
2011-04-11,0.9695
2011-04-18,0.9525
2011-05-02,0.946
2011-05-09,0.901
2011-05-16,0.8942
2011-05-23,0.8894
2011-05-30,0.9066
2011-06-06,0.9094
2011-06-13,0.918
2011-06-20,0.9147
2011-06-27,0.8733
2011-07-04,0.8858
2011-07-11,0.9207
2011-07-18,0.9333
2011-07-25,0.9347
2011-08-01,0.929
2011-08-08,0.9097
2011-08-22,0.8894
2011-08-29,0.9049
2011-09-05,0.9145
2011-09-12,0.9187
2011-09-19,0.9338
2011-09-26,0.9246
2011-10-03,0.914
2011-10-10,0.9232
2011-10-17,0.9447
2011-10-24,0.9573
2011-10-31,0.956
2011-11-07,0.9646
2011-11-14,0.9988
2011-11-21,1.0009
2011-11-28,0.9798
2011-12-05,0.9726
2011-12-12,0.9698
2011-12-19,0.9455
2012-01-09,0.9909
2012-01-16,1.005
2012-01-23,0.9832
2012-01-30,0.9788
2012-02-06,0.982
2012-02-13,1.0168
2012-02-20,1.0313
2012-02-27,1.029
2012-03-05,1.0203
2012-03-12,1.0348
2012-03-19,1.0362
2012-03-26,1.0298
2012-04-02,1.0177
2012-04-16,1.013
2012-04-23,1.0105
2012-04-30,1.0124
2012-05-07,1.0027
2012-05-14,0.9852
2012-05-21,0.981
2012-05-28,0.976
2012-06-04,0.9589
2012-06-11,0.9424
2012-06-18,0.9346
2012-06-25,0.9206
2012-07-02,0.9271
2012-07-09,0.9788
2012-07-16,0.973
2012-07-23,0.9955
2012-07-30,0.9964
2012-08-06,0.9939
2012-08-13,1.0273
2012-08-20,1.0453
2012-08-27,1.0397
2012-09-03,1.0353
2012-09-10,1.0356
2012-09-17,1.031
2012-09-24,1.0053
2012-10-01,1.018
2012-10-08,1.0127
2012-10-15,1.0385
2012-10-22,1.0284
2012-10-29,1.0199
2012-11-05,1.0051
2012-11-12,0.9944
2012-11-19,0.9915
2012-11-26,0.9989
2012-12-03,0.9919
2012-12-10,0.9599
2012-12-17,0.9622
2013-01-07,0.9686
2013-01-14,0.9714
2013-01-21,0.9702
2013-01-28,0.9735
2013-02-04,0.9807
2013-02-11,1.0006
2013-02-18,1.0015
2013-02-25,0.9908
2013-03-04,0.9662
2013-03-11,0.9619
2013-03-18,0.9542
2013-03-25,0.95
2013-04-08,0.9464
2013-04-15,0.9214
2013-04-22,0.9011
2013-04-29,0.9264
2013-05-06,0.9116
2013-05-13,0.9188
2013-05-20,0.9345
2013-05-27,0.9169
2013-06-03,0.9196
2013-06-10,0.923
2013-06-17,0.924
2013-06-24,0.9185
2013-07-01,0.9339
2013-07-08,0.9473
2013-07-15,0.9508
2013-07-22,0.9586
2013-07-29,0.9451
2013-08-05,0.9501
2013-08-12,0.9329
2013-08-19,0.9499
2013-08-26,0.9505
2013-09-02,0.9812
2013-09-09,0.9867
2013-09-16,0.9721
2013-09-23,0.9523
2013-09-30,0.9444
2013-10-07,0.944
2013-10-14,0.9522
2013-10-21,0.9439
2013-10-28,0.9267
2013-11-04,0.9366
2013-11-11,0.9244
2013-11-18,0.9316
2013-11-25,0.9407
2013-12-02,0.9403
2013-12-09,0.9442
2013-12-16,0.9286
2014-01-06,0.931
2014-01-13,0.9194
2014-01-20,0.9202
2014-01-27,0.9214
2014-02-03,0.9251
2014-02-10,0.9244
2014-02-17,0.9223
2014-02-24,0.9286
2014-03-03,0.923
2014-03-10,0.9127
2014-03-17,0.8979
2014-03-24,0.9023
2014-03-31,0.9049
2014-04-07,0.8981
2014-04-14,0.8999
2014-04-28,0.9128
2014-05-05,0.9063
2014-05-12,0.9026
2014-05-19,0.9152
2014-05-26,0.9171
2014-06-02,0.9163
2014-06-09,0.9047
2014-06-16,0.9221
2014-06-23,0.9366
2014-06-30,0.9295
2014-07-07,0.9145
2014-07-14,0.9017
2014-07-21,0.9054
2014-07-28,0.908
2014-08-04,0.9146
2014-08-11,0.9102
2014-08-18,0.9054
2014-08-25,0.9063
2014-09-01,0.9158
2014-09-08,0.9195
2014-09-15,0.9017
2014-09-22,0.9013
2014-09-29,0.9002
2014-10-06,0.8924
2014-10-13,0.8731
2014-10-20,0.8443
2014-10-27,0.8514
2014-11-03,0.8565
2014-11-10,0.8488
2014-11-17,0.8331
2014-11-24,0.8259
2014-12-01,0.7888
2014-12-08,0.7648
2014-12-15,0.7283
2015-01-05,0.7078
2015-01-12,0.6835
2015-01-19,0.6681
2015-01-26,0.677
2015-02-02,0.6787
2015-02-09,0.738
2015-02-16,0.7638
2015-02-23,0.7693
2015-03-02,0.7725
2015-03-09,0.7689
2015-03-16,0.755
2015-03-23,0.7393
2015-03-30,0.7489
2015-04-13,0.7449
2015-04-20,0.7682
2015-04-27,0.7805
2015-05-04,0.7802
2015-05-11,0.785
2015-05-18,0.7848
2015-05-25,0.7877
2015-06-01,0.785
2015-06-08,0.7699
2015-06-15,0.7706
2015-06-22,0.7562
2015-06-29,0.761
2015-07-06,0.7527
2015-07-13,0.7349
2015-07-20,0.7203
2015-07-27,0.7105
2015-08-03,0.6955
2015-08-10,0.676
2015-08-17,0.6753
2015-08-24,0.6603
2015-08-31,0.6803
2015-09-07,0.6904
2015-09-14,0.684
2015-09-21,0.6803
2015-09-28,0.6885
2015-10-05,0.6834
2015-10-12,0.6906
2015-10-19,0.67
2015-10-26,0.6656
2015-11-02,0.6693
2015-11-09,0.6755
2015-11-16,0.6591
2015-11-23,0.6529
2015-11-30,0.6535
2015-12-07,0.6267
2015-12-14,0.5832
2016-01-04,0.5674
2016-01-11,0.5465
2016-01-18,0.5262
2016-01-25,0.517
2016-02-01,0.5354
2016-02-08,0.5355
2016-02-15,0.5283
2016-02-22,0.5383
2016-02-29,0.5445
2016-03-07,0.5607
2016-03-14,0.5795
2016-03-21,0.5789
2016-04-04,0.5617
2016-04-11,0.5612
2016-04-18,0.5757
2016-04-25,0.5989
2016-05-02,0.6188
2016-05-09,0.6074
2016-05-16,0.6248
2016-05-23,0.6353
2016-05-30,0.6445
2016-06-06,0.6491
2016-06-13,0.6506
2016-06-20,0.6373
2016-06-27,0.6378
2016-07-04,0.6353
2016-07-11,0.622
2016-07-18,0.6135
2016-07-25,0.6059
2016-08-01,0.5935
2016-08-08,0.5847
2016-08-15,0.6165
2016-08-22,0.6337
2016-08-29,0.6324
2016-09-05,0.6254
2016-09-12,0.6248
2016-09-19,0.6166
2016-09-26,0.6228
2016-10-03,0.6406
2016-10-10,0.6676
2016-10-17,0.6711
2016-10-24,0.6718
2016-10-31,0.6745
2016-11-07,0.6425
2016-11-14,0.633
2016-11-21,0.6458
2016-11-28,0.661
2016-12-05,0.6931
2016-12-12,0.7035
2016-12-19,0.7115
2017-01-02,0.7282
2017-01-09,0.7276
2017-01-16,0.7193
2017-01-23,0.7149
2017-01-30,0.7162
2017-02-06,0.7175
2017-02-13,0.7196
2017-02-20,0.717
2017-02-27,0.7237
2017-03-06,0.7129
2017-03-13,0.7006
2017-03-20,0.6806
2017-03-27,0.6738
2017-04-03,0.6867
2017-04-10,0.7046
2017-04-24,0.6925
2017-05-01,0.6743
2017-05-08,0.6562
2017-05-15,0.6665
2017-05-22,0.6701
2017-05-29,0.6704
2017-06-05,0.6518
2017-06-12,0.6374
2017-06-19,0.6341
2017-06-26,0.6239
2017-07-03,0.6335
2017-07-10,0.6392
2017-07-17,0.6413
2017-07-24,0.6461
2017-07-31,0.6532
2017-08-07,0.657
2017-08-14,0.6543
2017-08-21,0.6467
2017-08-28,0.6482
2017-09-04,0.6662
2017-09-11,0.6839
2017-09-18,0.6843
2017-09-25,0.6899
2017-10-02,0.7029
2017-10-09,0.6898
2017-10-16,0.6889
2017-10-23,0.6932
2017-10-30,0.6985
2017-11-06,0.7149
2017-11-13,0.7344
2017-11-20,0.7207
2017-11-27,0.7195
2017-12-04,0.7229
2017-12-11,0.7206
2017-12-18,0.7292
2018-01-01,0.7498
2018-01-08,0.7497
2018-01-15,0.7521
2018-01-22,0.7444
2018-01-29,0.7445
2018-02-05,0.7347
2018-02-12,0.7131
2018-02-19,0.7053
2018-02-26,0.7208
2018-03-05,0.7202
2018-03-12,0.7138
2018-03-19,0.714
2018-03-26,0.7327
2018-04-09,0.7399
2018-04-16,0.7605
2018-04-23,0.7632
2018-04-30,0.7789
2018-05-07,0.7864
2018-05-14,0.8077
2018-05-21,0.8324
2018-05-28,0.8302
2018-06-04,0.8249
2018-06-11,0.8156
2018-06-18,0.8077
2018-06-25,0.7989
2018-07-02,0.8127
2018-07-09,0.8114
2018-07-16,0.8013
2018-07-23,0.7946
2018-07-30,0.8075
2018-08-06,0.8032
2018-08-13,0.8113
2018-08-20,0.8122
2018-08-27,0.824
2018-09-03,0.8385
2018-09-10,0.8512
2018-09-17,0.8526
2018-09-24,0.847
2018-10-01,0.8716
2018-10-08,0.9054
2018-10-15,0.9128
2018-10-22,0.9175
2018-10-29,0.9289
2018-11-05,0.9195
2018-11-12,0.9174
2018-11-19,0.899
2018-11-26,0.8519
2018-12-03,0.8079
2018-12-10,0.7966
2018-12-17,0.7786
2019-01-07,0.7489
2019-01-14,0.7637
2019-01-21,0.7681
2019-01-28,0.7718
2019-02-04,0.7736
2019-02-11,0.7768
2019-02-18,0.793
2019-02-25,0.7986
2019-03-04,0.8017
2019-03-11,0.8035
2019-03-18,0.7987
2019-03-25,0.793
2019-04-01,0.7921
2019-04-08,0.8074
2019-04-15,0.8137
2019-04-29,0.8264
2019-05-06,0.8273
2019-05-13,0.8259
2019-05-20,0.8389
2019-05-27,0.8156
2019-06-03,0.8009
2019-06-10,0.7679
2019-06-17,0.7691
2019-06-24,0.7868
2019-07-01,0.7929
2019-07-08,0.7818
2019-07-15,0.7983
2019-07-22,0.7845
2019-07-29,0.7903
2019-08-05,0.7882
2019-08-12,0.7665
2019-08-19,0.776
2019-08-26,0.7796
2019-09-02,0.7801
2019-09-09,0.7882
2019-09-16,0.8102
2019-09-23,0.8257
2019-09-30,0.8156
2019-10-07,0.7998
2019-10-14,0.7967
2019-10-21,0.7897
2019-10-28,0.7845
2019-11-04,0.7817
2019-11-11,0.7829
2019-11-18,0.7851
2019-11-25,0.7809
2019-12-02,0.7858
2019-12-09,0.7846
2019-12-16,0.7884
2020-01-06,0.8104
2020-01-13,0.7935
2020-01-20,0.7757
2020-01-27,0.7532
2020-02-03,0.7267
2020-02-10,0.7122
2020-02-17,0.7197
2020-02-24,0.7254
2020-03-02,0.6787
2020-03-09,0.6627
2020-03-16,0.6545
2020-03-23,0.6351
2020-03-30,0.6251
2020-04-06,0.6228
2020-04-20,0.6159
2020-04-27,0.5893
2020-05-04,0.5867
2020-05-11,0.5893
2020-05-18,0.5857
2020-05-25,0.5937
2020-06-01,0.5883
2020-06-08,0.5924
2020-06-15,0.5911
2020-06-22,0.5998
2020-06-29,0.5914
2020-07-06,0.5915
2020-07-13,0.5916
2020-07-20,0.5827
2020-07-27,0.5824
2020-08-03,0.5824
2020-08-10,0.5749
2020-08-17,0.5742
2020-08-24,0.5681
2020-08-31,0.5632
2020-09-07,0.5579
2020-09-14,0.5412
2020-09-21,0.5359
2020-09-28,0.5301
2020-10-05,0.5322
2020-10-12,0.5418
2020-10-19,0.5409
2020-10-26,0.5355
2020-11-02,0.5249
2020-11-09,0.5314
2020-11-16,0.5498
2020-11-23,0.5519
2020-11-30,0.5694
2020-12-07,0.5778
2020-12-14,0.5879
2020-12-21,0.5955
2021-01-11,0.612
2021-01-18,0.6219
2021-01-25,0.6269
2021-02-01,0.6262
2021-02-08,0.6515
2021-02-15,0.6619
2021-02-22,0.6791
2021-03-01,0.6851
2021-03-08,0.6959
2021-03-15,0.7037
2021-03-22,0.6884
2021-03-29,0.6806
2021-04-12,0.6785
2021-04-19,0.6901
2021-04-26,0.6862
2021-05-03,0.6924
2021-05-10,0.7097
2021-05-17,0.7107
2021-05-24,0.7082
2021-05-31,0.7121
2021-06-07,0.7232
2021-06-14,0.727
2021-06-21,0.7389
2021-06-28,0.7498
2021-07-05,0.7554
2021-07-12,0.7568
2021-07-19,0.7585
2021-07-26,0.7535
2021-08-02,0.7578
2021-08-09,0.7471
2021-08-16,0.7455
2021-08-23,0.7339
2021-08-30,0.7492
2021-09-06,0.7628
2021-09-13,0.762
2021-09-20,0.7821
2021-09-27,0.8022
2021-10-04,0.8302
2021-10-11,0.8697
2021-10-18,0.8933
2021-10-25,0.8982
2021-11-01,0.8963
2021-11-08,0.8931
2021-11-15,0.895
2021-11-22,0.8766
2021-11-29,0.8632
2021-12-06,0.8353
2021-12-13,0.84
2021-12-20,0.8436
2022-01-03,0.8626
2022-01-10,0.8823
2022-01-17,0.9092
2022-01-24,0.9307
2022-01-31,0.9534
2022-02-07,0.9794
2022-02-14,0.989
2022-02-21,0.9898
2022-02-28,1.0486
2022-03-07,1.4531
2022-03-14,1.7762
2022-03-21,1.5826
2022-03-28,1.5537
2022-04-04,1.4013
2022-04-11,1.3287
2022-04-25,1.3442
2022-05-02,1.3931
2022-05-09,1.4327
2022-05-16,1.3943
2022-05-23,1.3645
2022-05-30,1.3692
2022-06-06,1.4964
2022-06-13,1.5658
2022-06-20,1.5821
2022-06-27,1.5756
2022-07-04,1.5468
2022-07-11,1.5427
2022-07-18,1.6047
2022-07-25,1.5892
2022-08-01,1.5835
2022-08-08,1.531
2022-08-15,1.5131
2022-08-22,1.5252
2022-08-29,1.5764
2022-09-05,1.57
2022-09-12,1.5767
2022-09-19,1.5769
2022-09-26,1.6128
2022-10-03,1.6729
2022-10-10,1.6947
2022-10-17,1.7142
2022-10-24,1.6749
2022-10-31,1.6536
2022-11-07,1.6024
2022-11-14,1.515
2022-11-21,1.515
2022-11-28,1.4077
2022-12-05,1.362
2022-12-12,1.3258
2022-12-19,1.348
2022-12-26,1.3558
2023-01-02,1.3779
2023-01-09,1.3403
2023-01-16,1.3183
2023-01-23,1.3207
2023-01-30,1.3341
2023-02-06,1.2809
2023-02-13,1.2542
2023-02-20,1.2375
2023-02-27,1.2234
2023-03-06,1.232
2023-03-13,1.2139
2023-03-20,1.1777
2023-03-27,1.1726
2023-04-03,1.1636
2023-04-10,1.172
2023-04-17,1.1643
2023-04-24,1.1363
2023-05-01,1.1122
2023-05-08,1.0804
2023-05-15,1.0779
2023-05-22,1.0789
2023-05-29,1.0755
2023-06-05,1.0753
2023-06-12,1.0859
2023-06-19,1.091
2023-06-26,1.0873
2023-07-03,1.0859
2023-07-10,1.0922
2023-07-17,1.1029
2023-07-24,1.1093
2023-07-31,1.1668
2023-08-07,1.2168
2023-08-14,1.261
2023-08-21,1.2548
2023-08-28,1.2636
2023-09-04,1.2668
2023-09-11,1.3051
2023-09-18,1.3393
2023-09-25,1.344
2023-10-02,1.3562
2023-10-09,1.3092
2023-10-16,1.3254
2023-10-23,1.3302
2023-10-30,1.3142
2023-11-06,1.3042
2023-11-13,1.2585
2023-11-20,1.2346
2023-12-04,1.2087
2023-12-11,1.2006
2023-12-18,1.1861
2023-12-25,1.2008
2024-01-01,1.2008
2024-01-08,1.2025
2024-01-15,1.1999
2024-01-22,1.1978
2024-01-29,1.2143
2024-02-05,1.2325
2024-02-12,1.2595
2024-02-19,1.2637
2024-02-26,1.251
2024-03-04,1.2329
2024-03-11,1.2187
2024-03-18,1.2119
2024-03-25,1.2168
2024-04-01,1.2133
2024-04-08,1.2139
2024-04-15,1.2256
2024-04-22,1.2136
2024-04-29,1.204
2024-05-06,1.1881
2024-05-13,1.1773
2024-05-20,1.1655
2024-05-27,1.1601
2024-06-03,1.1574
2024-06-10,1.1325
2024-06-17,1.1595
2024-06-24,1.1747
2024-07-01,1.1819
2024-07-08,1.1922
2024-07-15,1.1808
2024-07-22,1.1688
2024-07-29,1.1574
2024-08-05,1.1409
2024-08-12,1.1227
2024-08-19,1.1186
2024-08-26,1.0982
2024-09-02,1.0983
2024-09-09,1.0841
2024-09-16,1.0705
2024-09-23,1.0703
2024-09-30,1.0687
2024-10-07,1.1007
2024-10-14,1.1088
2024-10-21,1.0873
2024-10-28,1.0832
2024-11-04,1.0758
2024-11-11,1.0833
2024-11-18,1.0824
2024-11-25,1.1006
2024-12-02,1.1012
2024-12-09,1.0926
2024-12-16,1.1056
2024-12-23,1.1148
2024-12-30,1.1289
2025-01-06,1.1472
2025-01-13,1.1643
2025-01-20,1.1997
2025-01-27,1.1846
2025-02-03,1.1701
2025-02-10,1.162
2025-02-17,1.1604
2025-02-24,1.1634
2025-03-03,1.1475
2025-03-10,1.1144
2025-03-17,1.1011
2025-03-24,1.0946
2025-03-31,1.1391
2025-04-07,1.0727
2025-04-14,1.0481
2025-04-21,1.0431
2025-04-28,1.0398
2025-05-05,1.0221
2025-05-12,1.0129
2025-05-19,1.027
2025-05-26,1.0229
2025-06-02,1.0185
2025-06-09,1.0278
2025-06-16,1.0798
2025-06-23,1.0648
2025-06-30,1.1153
2025-07-07,1.1203
2025-07-14,1.1264
2025-07-21,1.1302
2025-07-28,1.112
2025-08-04,1.1083
2025-08-11,1.0774
2025-08-18,1.0712
2025-08-25,1.0667
2025-09-01,1.0614
2025-09-08,1.0854
2025-09-15,1.0661
2025-09-22,1.0748
2025-09-29,1.0885
2025-10-06,1.0716
2025-10-13,1.0735
2025-10-20,1.0434
2025-10-27,1.0845
2025-11-03,1.0961
2025-11-10,1.1306
2025-11-17,1.1439
2025-11-24,1.1652
2025-12-01,1.1269
2025-12-08,1.0933
2025-12-15,1.0738
2025-12-22,1.0603
2025-12-29,1.0585
2026-01-05,1.0543
2026-01-12,1.049
2026-01-19,1.0533
2026-01-26,1.06
2026-02-02,1.0864
2026-02-09,1.0777
2026-02-16,1.0689
2026-02-23,1.0987
2026-03-02,1.2037
2026-03-09,1.6247
2026-03-16,1.6184
2026-03-23,1.7384
2026-03-30,1.749
2026-04-06,1.8361
2026-04-13,1.7648
2026-04-20,1.6695
2026-04-27,1.6315
2026-05-04,1.6539
2026-05-11,1.561
2026-05-18,1.5434
2026-05-25,1.5113
2026-06-01,1.4423
2026-06-08,1.449
2026-06-15,1.3901
2026-06-22,1.3151
2026-06-29,1.2707
2026-07-06,1.3068
2026-07-13,1.4112
2026-07-20,1.5381
2026-07-27,1.594
2026-08-03,1.6159
2026-08-10,1.5429
2026-08-17,1.6009
2026-08-24,1.6343
2026-08-31,1.6071
2026-09-07,1.7105
2026-09-14,1.8037
