# Gasóleo de calefacción, sin impuestos (DE)
# Unidad: EUR/l
# Fuente: Comisión Europea, Weekly Oil Bulletin - https://energy.ec.europa.eu/data-and-analysis/weekly-oil-bulletin_en
# Licencia: CC BY 4.0 (Decisión 2011/833/UE) - https://commission.europa.eu/legal-notice_en
# Cita obligatoria: Fuente: Comisión Europea, Weekly Oil Bulletin
# Recopilado por Observatorio de precios de cristalesparachimeneas.es - generado 2026-09-17T09:34:42+00:00
date,value
2005-01-03,0.3123
2005-01-10,0.308
2005-01-17,0.3101
2005-01-24,0.3123
2005-01-31,0.3287
2005-02-07,0.3136
2005-02-14,0.3132
2005-02-21,0.3225
2005-02-28,0.3503
2005-03-07,0.3758
2005-03-14,0.3699
2005-03-21,0.3784
2005-04-04,0.3851
2005-04-11,0.3937
2005-04-18,0.3671
2005-04-25,0.3673
2005-05-02,0.3626
2005-05-09,0.3543
2005-05-16,0.3483
2005-05-23,0.343
2005-05-30,0.351
2005-06-06,0.3896
2005-06-13,0.4002
2005-06-20,0.4139
2005-06-27,0.4116
2005-07-04,0.4141
2005-07-11,0.4574
2005-07-18,0.4472
2005-07-25,0.4277
2005-08-01,0.4327
2005-08-08,0.4325
2005-08-15,0.4496
2005-08-22,0.4719
2005-08-29,0.4978
2005-09-05,0.5343
2005-09-12,0.4996
2005-09-19,0.4953
2005-09-26,0.5105
2005-10-03,0.5265
2005-10-10,0.5043
2005-10-17,0.5063
2005-10-24,0.4856
2005-11-07,0.4606
2005-11-14,0.4608
2005-11-21,0.4544
2005-11-28,0.4465
2005-12-05,0.4455
2005-12-12,0.4477
2005-12-19,0.4572
2006-01-09,0.4517
2006-01-16,0.4453
2006-01-23,0.4556
2006-01-30,0.4628
2006-02-06,0.4718
2006-02-13,0.4592
2006-02-20,0.4535
2006-02-27,0.4569
2006-03-06,0.4735
2006-03-13,0.4608
2006-03-20,0.4715
2006-03-27,0.469
2006-04-03,0.4867
2006-04-10,0.4803
2006-04-24,0.5112
2006-05-01,0.5002
2006-05-08,0.4947
2006-05-15,0.5009
2006-05-22,0.475
2006-05-29,0.4883
2006-06-05,0.4871
2006-06-12,0.4863
2006-06-19,0.4826
2006-06-26,0.4849
2006-07-03,0.4938
2006-07-10,0.4961
2006-07-17,0.5007
2006-07-24,0.4931
2006-07-31,0.4894
2006-08-07,0.5076
2006-08-14,0.5104
2006-08-21,0.495
2006-08-28,0.5
2006-09-04,0.5071
2006-09-11,0.4903
2006-09-18,0.4723
2006-09-25,0.4674
2006-10-02,0.4754
2006-10-09,0.4594
2006-10-16,0.4597
2006-10-23,0.4581
2006-10-30,0.4558
2006-11-06,0.4339
2006-11-13,0.4431
2006-11-20,0.4324
2006-11-27,0.426
2006-12-04,0.4402
2006-12-11,0.4306
2006-12-18,0.4228
2007-01-08,0.3993
2007-01-15,0.3899
2007-01-22,0.3823
2007-01-29,0.3953
2007-02-05,0.4054
2007-02-12,0.4074
2007-02-19,0.4026
2007-02-26,0.4056
2007-03-05,0.4191
2007-03-12,0.4195
2007-03-19,0.409
2007-03-26,0.4046
2007-04-02,0.4305
2007-04-16,0.4391
2007-04-23,0.4251
2007-04-30,0.4325
2007-05-07,0.4365
2007-05-14,0.426
2007-05-21,0.4351
2007-05-28,0.4446
2007-06-04,0.4335
2007-06-11,0.4423
2007-06-18,0.4444
2007-06-25,0.4509
2007-07-02,0.4499
2007-07-09,0.4558
2007-07-16,0.4652
2007-07-23,0.4634
2007-07-30,0.4626
2007-08-06,0.4644
2007-08-13,0.4478
2007-08-20,0.4603
2007-08-27,0.4522
2007-09-03,0.4635
2007-09-10,0.4767
2007-09-17,0.4948
2007-09-24,0.4979
2007-10-01,0.4842
2007-10-08,0.4736
2007-10-15,0.4819
2007-10-22,0.4963
2007-10-29,0.5057
2007-11-05,0.5232
2007-11-12,0.5521
2007-11-19,0.5485
2007-11-26,0.5664
2007-12-03,0.5533
2007-12-10,0.5311
2007-12-17,0.5465
2008-01-07,0.5744
2008-01-14,0.5548
2008-01-21,0.5333
2008-01-28,0.5251
2008-02-04,0.5362
2008-02-11,0.5248
2008-02-18,0.5706
2008-02-25,0.5954
2008-03-03,0.5781
2008-03-10,0.6043
2008-03-17,0.6026
2008-03-31,0.5871
2008-04-07,0.5848
2008-04-14,0.628
2008-04-21,0.6359
2008-04-28,0.6478
2008-05-05,0.6614
2008-05-12,0.6977
2008-05-19,0.7249
2008-05-26,0.7355
2008-06-02,0.7416
2008-06-09,0.7049
2008-06-16,0.7702
2008-06-23,0.7521
2008-06-30,0.7354
2008-07-07,0.7707
2008-07-14,0.7441
2008-07-21,0.7425
2008-07-28,0.7101
2008-08-04,0.7126
2008-08-11,0.6681
2008-08-18,0.674
2008-08-25,0.6799
2008-09-01,0.6907
2008-09-08,0.6683
2008-09-15,0.663
2008-09-22,0.6388
2008-09-29,0.6773
2008-10-06,0.675
2008-10-13,0.61
2008-10-20,0.5607
2008-10-27,0.5799
2008-11-03,0.5771
2008-11-10,0.5684
2008-11-17,0.5108
2008-11-24,0.4731
2008-12-01,0.4511
2008-12-08,0.4128
2008-12-15,0.3829
2009-01-05,0.3818
2009-01-12,0.4381
2009-01-19,0.4277
2009-01-26,0.4093
2009-02-02,0.4046
2009-02-09,0.3903
2009-02-16,0.3919
2009-02-23,0.3541
2009-03-02,0.3624
2009-03-09,0.3546
2009-03-16,0.3454
2009-03-23,0.3703
2009-03-30,0.4019
2009-04-06,0.3873
2009-04-20,0.3855
2009-04-27,0.3653
2009-05-04,0.3604
2009-05-11,0.3926
2009-05-18,0.3815
2009-05-25,0.381
2009-06-01,0.3793
2009-06-08,0.4016
2009-06-15,0.4249
2009-06-22,0.4407
2009-06-29,0.425
2009-07-06,0.4197
2009-07-13,0.3916
2009-07-20,0.3946
2009-07-27,0.4118
2009-08-03,0.4124
2009-08-10,0.442
2009-08-17,0.443
2009-08-24,0.4451
2009-08-31,0.4248
2009-09-07,0.419
2009-09-14,0.4192
2009-09-21,0.4179
2009-09-28,0.409
2009-10-05,0.4243
2009-10-12,0.4224
2009-10-19,0.4438
2009-10-26,0.4677
2009-11-02,0.456
2009-11-09,0.4521
2009-11-16,0.4466
2009-11-23,0.4457
2009-11-30,0.4329
2009-12-07,0.434
2009-12-14,0.4245
2009-12-21,0.4409
2010-01-04,0.4651
2010-01-11,0.4849
2010-01-18,0.4654
2010-01-25,0.4575
2010-02-01,0.4476
2010-02-08,0.4637
2010-02-15,0.4599
2010-02-22,0.4719
2010-03-01,0.4882
2010-03-08,0.4885
2010-03-15,0.4987
2010-03-22,0.5072
2010-03-29,0.5084
2010-04-12,0.5358
2010-04-19,0.5289
2010-04-26,0.5324
2010-05-03,0.5454
2010-05-10,0.546
2010-05-17,0.5399
2010-05-24,0.5148
2010-05-31,0.5148
2010-06-07,0.5216
2010-06-14,0.5357
2010-06-21,0.5486
2010-06-28,0.5423
2010-07-05,0.5248
2010-07-12,0.5121
2010-07-19,0.5205
2010-07-26,0.5103
2010-08-02,0.5066
2010-08-09,0.5309
2010-08-16,0.5147
2010-08-23,0.5147
2010-08-30,0.5089
2010-09-06,0.5155
2010-09-13,0.5329
2010-09-20,0.5331
2010-09-27,0.5196
2010-10-04,0.5279
2010-10-11,0.5335
2010-10-18,0.5313
2010-10-25,0.5218
2010-11-08,0.5294
2010-11-15,0.5601
2010-11-22,0.5329
2010-11-29,0.544
2010-12-06,0.565
2010-12-13,0.5723
2010-12-20,0.575
2011-01-03,0.5924
2011-01-10,0.5892
2011-01-17,0.608
2011-01-24,0.6022
2011-01-31,0.5867
2011-02-07,0.6086
2011-02-14,0.6184
2011-02-21,0.63
2011-02-28,0.6405
2011-03-07,0.6803
2011-03-14,0.6742
2011-03-21,0.6662
2011-03-28,0.6776
2011-04-04,0.6732
2011-04-11,0.6887
2011-04-18,0.6784
2011-05-02,0.6708
2011-05-09,0.66
2011-05-16,0.6434
2011-05-23,0.6295
2011-05-30,0.6353
2011-06-06,0.6488
2011-06-13,0.6371
2011-06-20,0.6611
2011-06-27,0.6206
2011-07-04,0.6182
2011-07-11,0.6398
2011-07-18,0.6763
2011-07-25,0.6736
2011-08-01,0.6556
2011-08-08,0.6614
2011-08-22,0.6434
2011-08-29,0.6486
2011-09-05,0.6598
2011-09-12,0.658
2011-09-19,0.658
2011-09-26,0.6667
2011-10-03,0.6589
2011-10-10,0.6564
2011-10-17,0.672
2011-10-24,0.6909
2011-10-31,0.6948
2011-11-07,0.6981
2011-11-14,0.7049
2011-11-21,0.7223
2011-11-28,0.7036
2011-12-05,0.7095
2011-12-12,0.6984
2011-12-19,0.6881
2012-01-09,0.7039
2012-01-16,0.7248
2012-01-23,0.7079
2012-01-30,0.6893
2012-02-06,0.6993
2012-02-13,0.7371
2012-02-20,0.7493
2012-02-27,0.7465
2012-03-05,0.7298
2012-03-12,0.7287
2012-03-19,0.7524
2012-03-26,0.7346
2012-04-02,0.7279
2012-04-16,0.7183
2012-04-23,0.7168
2012-04-30,0.718
2012-05-07,0.7241
2012-05-14,0.6997
2012-05-21,0.6961
2012-05-28,0.6927
2012-06-04,0.6944
2012-06-11,0.6643
2012-06-18,0.67
2012-06-25,0.6651
2012-07-02,0.6617
2012-07-09,0.6927
2012-07-16,0.7029
2012-07-23,0.7155
2012-07-30,0.7148
2012-08-06,0.706
2012-08-13,0.7231
2012-08-20,0.7478
2012-08-27,0.7571
2012-09-03,0.7434
2012-09-10,0.7434
2012-09-17,0.7455
2012-09-24,0.7281
2012-10-01,0.7397
2012-10-08,0.7528
2012-10-15,0.7708
2012-10-22,0.7512
2012-10-29,0.7405
2012-11-05,0.7525
2012-11-12,0.7452
2012-11-19,0.7247
2012-11-26,0.7364
2012-12-03,0.7149
2012-12-10,0.7018
2012-12-17,0.6881
2013-01-07,0.6921
2013-01-14,0.7004
2013-01-21,0.6935
2013-01-28,0.691
2013-02-04,0.6965
2013-02-11,0.702
2013-02-18,0.7151
2013-02-25,0.7108
2013-03-04,0.7031
2013-03-11,0.6931
2013-03-18,0.6904
2013-03-25,0.6813
2013-04-01,0.6993
2013-04-08,0.7115
2013-04-15,0.673
2013-04-22,0.6365
2013-04-29,0.6596
2013-05-06,0.6599
2013-05-13,0.6607
2013-05-20,0.6516
2013-05-27,0.6605
2013-06-03,0.6639
2013-06-10,0.6499
2013-06-17,0.6398
2013-06-24,0.6577
2013-07-01,0.6543
2013-07-08,0.6688
2013-07-15,0.6909
2013-07-22,0.6754
2013-07-29,0.672
2013-08-05,0.6614
2013-08-12,0.6612
2013-08-19,0.6742
2013-08-26,0.6779
2013-09-02,0.708
2013-09-09,0.7091
2013-09-16,0.6936
2013-09-23,0.6753
2013-09-30,0.6665
2013-10-07,0.6732
2013-10-14,0.6754
2013-10-21,0.6753
2013-10-28,0.6589
2013-11-04,0.6605
2013-11-11,0.6532
2013-11-18,0.6477
2013-11-25,0.6505
2013-12-02,0.6687
2013-12-09,0.6691
2013-12-16,0.6566
2014-01-06,0.6669
2014-01-13,0.6416
2014-01-20,0.6346
2014-01-27,0.6459
2014-02-03,0.6455
2014-02-10,0.6441
2014-02-17,0.6498
2014-02-24,0.6475
2014-03-03,0.6423
2014-03-10,0.6393
2014-03-17,0.6279
2014-03-24,0.6259
2014-03-31,0.6386
2014-04-07,0.6311
2014-04-14,0.636
2014-04-28,0.6414
2014-05-05,0.6353
2014-05-12,0.6243
2014-05-19,0.6405
2014-05-26,0.6425
2014-06-02,0.6405
2014-06-09,0.6252
2014-06-16,0.6344
2014-06-23,0.6552
2014-06-30,0.6559
2014-07-07,0.6433
2014-07-14,0.6279
2014-07-21,0.6293
2014-07-28,0.6348
2014-08-04,0.6431
2014-08-11,0.6388
2014-08-18,0.6351
2014-08-25,0.6305
2014-09-01,0.6384
2014-09-08,0.6366
2014-09-15,0.6381
2014-09-22,0.6331
2014-09-29,0.621
2014-10-06,0.632
2014-10-13,0.6066
2014-10-20,0.5835
2014-10-27,0.5886
2014-11-03,0.5858
2014-11-10,0.5822
2014-11-17,0.5884
2014-11-24,0.5618
2014-12-01,0.5564
2014-12-08,0.5207
2014-12-15,0.4913
2015-01-05,0.467
2015-01-12,0.4276
2015-01-19,0.4087
2015-01-26,0.4246
2015-02-02,0.439
2015-02-09,0.4808
2015-02-16,0.4936
2015-02-23,0.5053
2015-03-02,0.5017
2015-03-09,0.5104
2015-03-16,0.5062
2015-03-23,0.4797
2015-03-30,0.4796
2015-04-13,0.4931
2015-04-20,0.5147
2015-04-27,0.5112
2015-05-04,0.5218
2015-05-11,0.5378
2015-05-18,0.5202
2015-05-25,0.5218
2015-06-01,0.5252
2015-06-08,0.5176
2015-06-15,0.5134
2015-06-22,0.5042
2015-06-29,0.5118
2015-07-06,0.5059
2015-07-13,0.4739
2015-07-20,0.4824
2015-07-27,0.4682
2015-08-03,0.4516
2015-08-10,0.4522
2015-08-17,0.4462
2015-08-24,0.4446
2015-08-31,0.4048
2015-09-07,0.4418
2015-09-14,0.4519
2015-09-21,0.4312
2015-09-28,0.4426
2015-10-05,0.4306
2015-10-12,0.4548
2015-10-19,0.4237
2015-10-26,0.4197
2015-11-02,0.4215
2015-11-09,0.4568
2015-11-16,0.4475
2015-11-23,0.4291
2015-11-30,0.4241
2015-12-07,0.3983
2015-12-14,0.3672
2016-01-04,0.3496
2016-01-11,0.3427
2016-01-18,0.3101
2016-01-25,0.2809
2016-02-01,0.3001
2016-02-08,0.3117
2016-02-15,0.2953
2016-02-22,0.308
2016-02-29,0.3106
2016-03-07,0.3274
2016-03-14,0.358
2016-03-21,0.3491
2016-04-04,0.3386
2016-04-11,0.3174
2016-04-18,0.3567
2016-04-25,0.3557
2016-05-02,0.3795
2016-05-09,0.3689
2016-05-16,0.3693
2016-05-23,0.404
2016-05-30,0.4134
2016-06-06,0.4041
2016-06-13,0.4059
2016-06-20,0.4008
2016-06-27,0.4023
2016-07-04,0.4041
2016-07-11,0.3927
2016-07-18,0.3884
2016-07-25,0.3818
2016-08-01,0.3676
2016-08-08,0.3433
2016-08-15,0.3685
2016-08-22,0.3908
2016-08-29,0.3996
2016-09-05,0.3947
2016-09-12,0.3871
2016-09-19,0.3843
2016-09-26,0.3868
2016-10-03,0.3861
2016-10-10,0.423
2016-10-17,0.4371
2016-10-24,0.4446
2016-10-31,0.4378
2016-11-07,0.416
2016-11-14,0.3996
2016-11-21,0.4089
2016-11-28,0.4319
2016-12-05,0.4303
2016-12-12,0.4471
2016-12-19,0.4655
2017-01-02,0.4798
2017-01-09,0.4773
2017-01-16,0.4639
2017-01-23,0.4588
2017-01-30,0.4588
2017-02-06,0.4622
2017-02-13,0.4681
2017-02-20,0.4748
2017-02-27,0.4748
2017-03-06,0.4781
2017-03-13,0.4689
2017-03-20,0.4403
2017-03-27,0.4303
2017-04-03,0.4395
2017-04-10,0.4613
2017-04-24,0.4639
2017-05-01,0.4437
2017-05-08,0.4244
2017-05-15,0.4244
2017-05-22,0.4269
2017-05-29,0.442
2017-06-05,0.4269
2017-06-12,0.4042
2017-06-19,0.4076
2017-06-26,0.3992
2017-07-03,0.4017
2017-07-10,0.4193
2017-07-17,0.4117
2017-07-24,0.4104
2017-07-31,0.4104
2017-08-07,0.4235
2017-08-14,0.4202
2017-08-21,0.4151
2017-08-28,0.4126
2017-09-04,0.421
2017-09-11,0.4403
2017-09-18,0.4395
2017-09-25,0.4445
2017-10-02,0.4697
2017-10-09,0.4513
2017-10-16,0.4496
2017-10-23,0.4586
2017-10-30,0.4563
2017-11-06,0.4714
2017-11-13,0.4849
2017-11-20,0.4731
2017-11-27,0.4866
2017-12-04,0.4807
2017-12-11,0.4756
2017-12-18,0.4891
2018-01-01,0.4975
2018-01-08,0.4975
2018-01-15,0.5059
2018-01-22,0.495
2018-01-29,0.4966
2018-02-05,0.4866
2018-02-12,0.4824
2018-02-19,0.4487
2018-02-26,0.4723
2018-03-05,0.484
2018-03-12,0.4664
2018-03-19,0.4681
2018-03-26,0.4916
2018-04-09,0.4983
2018-04-16,0.5076
2018-04-23,0.5067
2018-04-30,0.5185
2018-05-07,0.5185
2018-05-14,0.5496
2018-05-21,0.558
2018-05-28,0.5723
2018-06-04,0.5571
2018-06-11,0.5571
2018-06-18,0.5445
2018-06-25,0.5445
2018-07-02,0.5429
2018-07-09,0.5504
2018-07-16,0.5555
2018-07-23,0.5277
2018-07-30,0.5504
2018-08-06,0.5445
2018-08-13,0.5639
2018-08-20,0.5613
2018-08-27,0.563
2018-09-03,0.5865
2018-09-10,0.6227
2018-09-17,0.6252
2018-09-24,0.6084
2018-10-01,0.6193
2018-10-08,0.6487
2018-10-15,0.6605
2018-10-22,0.6496
2018-10-29,0.6907
2018-11-05,0.7134
2018-11-12,0.7025
2018-11-19,0.6622
2018-11-26,0.626
2018-12-03,0.5916
2018-12-10,0.5765
2018-12-17,0.5454
2019-01-07,0.5454
2019-01-14,0.5277
2019-01-21,0.5269
2019-01-28,0.5244
2019-02-04,0.5252
2019-02-11,0.5277
2019-02-18,0.5319
2019-02-25,0.542
2019-03-04,0.5454
2019-03-11,0.5462
2019-03-18,0.5454
2019-03-25,0.5386
2019-04-01,0.5462
2019-04-08,0.5504
2019-04-15,0.5538
2019-04-29,0.5681
2019-05-06,0.563
2019-05-13,0.5605
2019-05-20,0.5655
2019-05-27,0.579
2019-06-03,0.5681
2019-06-10,0.5185
2019-06-17,0.5134
2019-06-24,0.5202
2019-07-01,0.5328
2019-07-08,0.5202
2019-07-15,0.5302
2019-07-22,0.5277
2019-07-29,0.5378
2019-08-05,0.542
2019-08-12,0.5101
2019-08-19,0.5302
2019-08-26,0.5252
2019-09-02,0.5193
2019-09-09,0.5185
2019-09-16,0.5386
2019-09-23,0.5546
2019-09-30,0.5462
2019-10-07,0.5429
2019-10-14,0.5319
2019-10-21,0.5294
2019-10-28,0.5286
2019-11-04,0.5336
2019-11-11,0.5311
2019-11-18,0.5168
2019-11-25,0.5109
2019-12-02,0.5386
2019-12-09,0.5202
2019-12-16,0.5302
2020-01-06,0.5479
2020-01-13,0.5555
2020-01-20,0.5185
2020-01-27,0.505
2020-02-03,0.4891
2020-02-10,0.4647
2020-02-17,0.4798
2020-02-24,0.4832
2020-03-02,0.4546
2020-03-09,0.4496
2020-03-16,0.4101
2020-03-23,0.3941
2020-03-30,0.405
2020-04-06,0.3798
2020-04-20,0.3647
2020-04-27,0.3336
2020-05-04,0.3143
2020-05-11,0.3471
2020-05-18,0.3412
2020-05-25,0.3597
2020-06-01,0.3605
2020-06-08,0.3689
2020-06-15,0.3664
2020-06-22,0.3681
2020-06-29,0.3681
2020-07-06,0.3757
2020-07-13,0.3774
2020-07-20,0.3593
2020-07-27,0.3593
2020-08-03,0.3481
2020-08-10,0.3481
2020-08-17,0.3481
2020-08-24,0.3481
2020-08-31,0.3438
2020-09-07,0.3412
2020-09-14,0.3412
2020-09-21,0.3136
2020-09-28,0.3145
2020-10-05,0.3171
2020-10-12,0.324
2020-10-19,0.3283
2020-10-26,0.3257
2020-11-02,0.3206
2020-11-09,0.3197
2020-11-16,0.349
2020-11-23,0.3378
2020-11-30,0.3619
2020-12-07,0.3602
2020-12-14,0.3516
2020-12-21,0.4188
2021-01-11,0.4597
2021-01-18,0.4714
2021-01-25,0.4639
2021-02-01,0.4631
2021-02-08,0.4788
2021-02-15,0.5008
2021-02-22,0.5251
2021-03-01,0.5198
2021-03-08,0.5092
2021-03-15,0.5361
2021-03-22,0.5311
2021-03-29,0.5076
2021-04-12,0.5109
2021-04-19,0.5168
2021-04-26,0.5244
2021-05-03,0.5244
2021-05-10,0.5427
2021-05-17,0.5361
2021-05-24,0.5361
2021-05-31,0.537
2021-06-07,0.5504
2021-06-14,0.558
2021-06-21,0.5681
2021-06-28,0.5781
2021-07-05,0.5736
2021-07-12,0.583
2021-07-19,0.5891
2021-07-26,0.5555
2021-08-02,0.5765
2021-08-09,0.5714
2021-08-16,0.5672
2021-08-23,0.5622
2021-08-30,0.5756
2021-09-06,0.5865
2021-09-13,0.5824
2021-09-20,0.5966
2021-09-27,0.6101
2021-10-04,0.6319
2021-10-11,0.6769
2021-10-18,0.699
2021-10-25,0.726
2021-11-01,0.7193
2021-11-08,0.7092
2021-11-15,0.7218
2021-11-22,0.7059
2021-11-29,0.6958
2021-12-06,0.637
2021-12-13,0.6538
2021-12-20,0.6588
2022-01-03,0.6588
2022-01-10,0.705
2022-01-17,0.7294
2022-01-24,0.7538
2022-01-31,0.7454
2022-02-07,0.7731
2022-02-14,0.7723
2022-02-21,0.7907
2022-02-28,0.7966
2022-03-07,1.0176
2022-03-14,1.5958
2022-03-21,1.247
2022-03-28,1.263
2022-04-04,1.1479
2022-04-11,1.0552
2022-04-25,1.0815
2022-05-02,1.0908
2022-05-09,1.1445
2022-05-16,1.0739
2022-05-23,1.0227
2022-05-30,1.0101
2022-06-06,1.1487
2022-06-13,1.2437
2022-06-20,1.2235
2022-06-27,1.2546
2022-07-04,1.1647
2022-07-11,1.1311
2022-07-18,1.1975
2022-07-25,1.1974
2022-08-01,1.1666
2022-08-08,1.1763
2022-08-15,1.0874
2022-08-22,1.1933
2022-08-29,1.2303
2022-09-05,1.3017
2022-09-12,1.1982
2022-09-19,1.214
2022-09-26,1.2125
2022-10-03,1.1675
2022-10-10,1.2383
2022-10-17,1.2927
2022-10-24,1.2933
2022-10-31,1.22
2022-11-07,1.2072
2022-11-14,1.1795
2022-11-21,1.1133
2022-11-28,1.0453
2022-12-05,1.0197
2022-12-12,0.9232
2022-12-19,1.0051
2022-12-26,0.9823
2023-01-02,0.902
2023-01-09,0.8932
2023-01-16,0.8909
2023-01-23,0.8924
2023-01-30,0.8924
2023-02-06,0.8453
2023-02-13,0.8027
2023-02-20,0.8039
2023-02-27,0.785
2023-03-06,0.7984
2023-03-13,0.7961
2023-03-20,0.7709
2023-03-27,0.7673
2023-04-03,0.764
2023-04-10,0.7633
2023-04-17,0.7679
2023-04-24,0.7269
2023-05-01,0.6436
2023-05-08,0.6663
2023-05-15,0.69
2023-05-22,0.6855
2023-05-29,0.6926
2023-06-05,0.674
2023-06-12,0.6733
2023-06-19,0.6815
2023-06-26,0.6832
2023-07-03,0.6667
2023-07-10,0.689
2023-07-17,0.6904
2023-07-24,0.6913
2023-07-31,0.7322
2023-08-07,0.8148
2023-08-14,0.814
2023-08-21,0.8016
2023-08-28,0.8145
2023-09-04,0.832
2023-09-11,0.848
2023-09-18,0.8786
2023-09-25,0.8786
2023-10-02,0.8811
2023-10-09,0.8764
2023-10-16,0.8579
2023-10-23,0.885
2023-10-30,0.8447
2023-11-06,0.8532
2023-11-13,0.821
2023-11-20,0.8168
2023-11-27,0.8163
2023-12-04,0.8148
2023-12-11,0.8061
2023-12-18,0.7691
2023-12-25,0.8071
2024-01-01,0.7738
2024-01-08,0.7508
2024-01-15,0.7458
2024-01-22,0.7469
2024-01-29,0.7537
2024-02-05,0.7751
2024-02-12,0.7769
2024-02-19,0.8077
2024-02-26,0.7704
2024-03-04,0.7569
2024-03-11,0.7402
2024-03-18,0.7415
2024-03-25,0.7679
2024-04-01,0.7524
2024-04-08,0.789
2024-04-15,0.7673
2024-04-22,0.7641
2024-04-29,0.7403
2024-05-06,0.7357
2024-05-13,0.7037
2024-05-20,0.6968
2024-05-27,0.6951
2024-06-03,0.7088
2024-06-10,0.6705
2024-06-17,0.7095
2024-06-24,0.7328
2024-07-01,0.7233
2024-07-08,0.7271
2024-07-15,0.71
2024-07-22,0.6923
2024-07-29,0.6915
2024-08-05,0.6868
2024-08-12,0.672
2024-08-19,0.6869
2024-08-26,0.6524
2024-09-02,0.6484
2024-09-09,0.6436
2024-09-16,0.6096
2024-09-23,0.6225
2024-09-30,0.6481
2024-10-07,0.6412
2024-10-14,0.6805
2024-10-21,0.6674
2024-10-28,0.6736
2024-11-04,0.6566
2024-11-11,0.6713
2024-11-18,0.6713
2024-11-25,0.6793
2024-12-02,0.6851
2024-12-09,0.6789
2024-12-16,0.6673
2024-12-23,0.6836
2024-12-30,0.6836
2025-01-06,0.6758
2025-01-13,0.6888
2025-01-20,0.7278
2025-01-27,0.7142
2025-02-03,0.6867
2025-02-10,0.6944
2025-02-17,0.7052
2025-02-24,0.7017
2025-03-03,0.6891
2025-03-10,0.6642
2025-03-17,0.6578
2025-03-24,0.6501
2025-03-31,0.5971
2025-04-07,0.5946
2025-04-14,0.5397
2025-04-21,0.5547
2025-04-28,0.5673
2025-05-05,0.5435
2025-05-12,0.5365
2025-05-19,0.5578
2025-05-26,0.5578
2025-06-02,0.5317
2025-06-09,0.5357
2025-06-16,0.54
2025-06-23,0.6267
2025-06-30,0.5826
2025-07-07,0.5826
2025-07-14,0.5923
2025-07-21,0.5787
2025-07-28,0.5771
2025-08-04,0.5825
2025-08-11,0.5581
2025-08-18,0.5453
2025-08-25,0.5541
2025-09-01,0.5541
2025-09-08,0.5737
2025-09-15,0.5658
2025-09-22,0.5756
2025-09-29,0.5737
2025-10-06,0.572
2025-10-13,0.5686
2025-10-20,0.5456
2025-10-27,0.5548
2025-11-03,0.5907
2025-11-10,0.6014
2025-11-17,0.6184
2025-11-24,0.638
2025-12-01,0.5874
2025-12-08,0.566
2025-12-15,0.5725
2025-12-22,0.5552
2025-12-29,0.5552
2026-01-05,0.5454
2026-01-12,0.5252
2026-01-19,0.5479
2026-01-26,0.5465
2026-02-02,0.5614
2026-02-09,0.5712
2026-02-16,0.5479
2026-02-23,0.5697
2026-03-02,0.596
2026-03-09,0.7597
2026-03-16,0.7797
2026-03-23,0.8097
2026-03-30,0.8036
2026-04-06,1.0512
2026-04-13,0.9201
2026-04-20,0.8916
2026-04-27,0.8323
2026-05-04,0.8916
2026-05-11,0.8731
2026-05-18,0.8731
2026-05-25,0.7849
2026-06-01,0.7905
2026-06-08,0.8126
2026-06-15,0.7303
2026-06-22,0.7058
2026-06-29,0.7186
2026-07-06,0.7187
2026-07-13,0.814
2026-07-20,0.89
2026-07-27,0.8694
2026-08-03,0.8447
2026-08-10,0.8703
2026-08-17,0.8933
2026-08-24,0.885
2026-08-31,0.9427
2026-09-07,1.0428
2026-09-14,1.179
