# Gasóleo de calefacción, con impuestos (FR)
# Unidad: EUR/l
# Fuente: Comisión Europea, Weekly Oil Bulletin - https://energy.ec.europa.eu/data-and-analysis/weekly-oil-bulletin_en
# Licencia: CC BY 4.0 (Decisión 2011/833/UE) - https://commission.europa.eu/legal-notice_en
# Cita obligatoria: Fuente: Comisión Europea, Weekly Oil Bulletin
# Recopilado por Observatorio de precios de cristalesparachimeneas.es - generado 2026-09-21T09:56:10+00:00
date,value
2005-01-03,0.4734
2005-01-10,0.4679
2005-01-17,0.4776
2005-01-24,0.4836
2005-01-31,0.5014
2005-02-07,0.4945
2005-02-14,0.4934
2005-02-21,0.494
2005-02-28,0.5212
2005-03-07,0.5562
2005-03-14,0.556
2005-03-21,0.5571
2005-04-04,0.5636
2005-04-11,0.5756
2005-04-18,0.5538
2005-04-25,0.5454
2005-05-02,0.5426
2005-05-09,0.5351
2005-05-16,0.526
2005-05-23,0.521
2005-05-30,0.5237
2005-06-06,0.5493
2005-06-13,0.5715
2005-06-20,0.589
2005-06-27,0.5941
2005-07-04,0.5919
2005-07-11,0.6272
2005-07-18,0.613
2005-07-25,0.5941
2005-08-01,0.5956
2005-08-08,0.5985
2005-08-15,0.5985
2005-08-22,0.638
2005-08-29,0.652
2005-09-05,0.6954
2005-09-12,0.6746
2005-09-19,0.6587
2005-09-26,0.6788
2005-10-03,0.6912
2005-10-10,0.6793
2005-10-17,0.6797
2005-10-24,0.6639
2005-11-07,0.6391
2005-11-14,0.6262
2005-11-21,0.615
2005-11-28,0.6143
2005-12-05,0.6141
2005-12-12,0.6186
2005-12-19,0.6201
2006-01-09,0.6309
2006-01-16,0.6324
2006-01-23,0.6404
2006-01-30,0.651
2006-02-06,0.6524
2006-02-13,0.6461
2006-02-20,0.6384
2006-02-27,0.6417
2006-03-06,0.6596
2006-03-13,0.6535
2006-03-20,0.6538
2006-03-27,0.6557
2006-04-03,0.6628
2006-04-10,0.6616
2006-04-24,0.689
2006-05-01,0.6899
2006-05-08,0.6826
2006-05-15,0.6831
2006-05-22,0.6743
2006-05-29,0.669
2006-06-05,0.6664
2006-06-12,0.6679
2006-06-19,0.6688
2006-06-26,0.6656
2006-07-03,0.6707
2006-07-10,0.6721
2006-07-17,0.6733
2006-07-24,0.6746
2006-07-31,0.6738
2006-08-07,0.6827
2006-08-14,0.6901
2006-08-21,0.6804
2006-08-28,0.6832
2006-09-04,0.6794
2006-09-11,0.6621
2006-09-18,0.6318
2006-09-25,0.6181
2006-10-02,0.6121
2006-10-09,0.6117
2006-10-16,0.6173
2006-10-23,0.6215
2006-10-30,0.6194
2006-11-06,0.6085
2006-11-13,0.6124
2006-11-20,0.6039
2006-11-27,0.6008
2006-12-04,0.6099
2006-12-11,0.6072
2006-12-18,0.6043
2007-01-08,0.5866
2007-01-15,0.5724
2007-01-22,0.558
2007-01-29,0.5713
2007-02-05,0.5791
2007-02-12,0.5904
2007-02-19,0.5856
2007-02-26,0.5884
2007-03-05,0.5959
2007-03-12,0.5973
2007-03-19,0.5875
2007-03-26,0.5939
2007-04-02,0.6144
2007-04-16,0.626
2007-04-23,0.6146
2007-04-30,0.6192
2007-05-07,0.6194
2007-05-14,0.617
2007-05-21,0.6234
2007-05-28,0.6278
2007-06-04,0.6245
2007-06-11,0.6291
2007-06-18,0.6353
2007-06-25,0.6374
2007-07-02,0.6364
2007-07-09,0.6381
2007-07-16,0.6461
2007-07-23,0.6356
2007-07-30,0.6439
2007-08-06,0.647
2007-08-13,0.6328
2007-08-20,0.6363
2007-08-27,0.6348
2007-09-03,0.6396
2007-09-10,0.6527
2007-09-17,0.6724
2007-09-24,0.6791
2007-10-01,0.6794
2007-10-08,0.6738
2007-10-15,0.6725
2007-10-22,0.6908
2007-10-29,0.713
2007-11-05,0.731
2007-11-12,0.7625
2007-11-19,0.7658
2007-11-26,0.7816
2007-12-03,0.7866
2007-12-10,0.7616
2007-12-17,0.7642
2008-01-07,0.7854
2008-01-14,0.7785
2008-01-21,0.7618
2008-01-28,0.7525
2008-02-04,0.7531
2008-02-11,0.7508
2008-02-18,0.7779
2008-02-25,0.8039
2008-03-03,0.8084
2008-03-10,0.8117
2008-03-17,0.8342
2008-03-31,0.8171
2008-04-07,0.8123
2008-04-14,0.8447
2008-04-21,0.8569
2008-04-28,0.8702
2008-05-05,0.8833
2008-05-12,0.908
2008-05-19,0.9627
2008-05-26,1.0041
2008-06-02,0.9985
2008-06-09,0.9724
2008-06-16,1.0131
2008-06-23,0.9956
2008-06-30,0.994
2008-07-07,1.0143
2008-07-14,1.0104
2008-07-21,0.9933
2008-07-28,0.9752
2008-08-04,0.9413
2008-08-11,0.9089
2008-08-18,0.89
2008-08-25,0.9016
2008-09-01,0.9053
2008-09-08,0.8953
2008-09-15,0.8795
2008-09-22,0.8591
2008-09-29,0.8699
2008-10-06,0.864
2008-10-13,0.811
2008-10-20,0.7647
2008-10-27,0.7413
2008-11-03,0.7245
2008-11-10,0.721
2008-11-17,0.6966
2008-11-24,0.6565
2008-12-01,0.6398
2008-12-08,0.6068
2008-12-15,0.6068
2009-01-05,0.537
2009-01-12,0.6012
2009-01-19,0.6086
2009-01-26,0.5979
2009-02-02,0.593
2009-02-09,0.5892
2009-02-16,0.5659
2009-02-23,0.5363
2009-03-02,0.5286
2009-03-09,0.5153
2009-03-16,0.5114
2009-03-23,0.5157
2009-03-30,0.5444
2009-04-06,0.5409
2009-04-20,0.5407
2009-04-27,0.525
2009-05-04,0.5194
2009-05-11,0.5336
2009-05-18,0.5436
2009-05-25,0.5373
2009-06-01,0.5371
2009-06-08,0.5611
2009-06-15,0.5829
2009-06-22,0.5975
2009-06-29,0.5924
2009-07-06,0.5875
2009-07-13,0.5576
2009-07-20,0.5549
2009-07-27,0.5694
2009-08-03,0.5848
2009-08-10,0.5992
2009-08-17,0.6022
2009-08-24,0.6006
2009-08-31,0.5999
2009-09-07,0.5859
2009-09-14,0.5795
2009-09-21,0.5794
2009-09-28,0.5708
2009-10-05,0.5752
2009-10-12,0.5784
2009-10-19,0.6029
2009-10-26,0.6253
2009-11-02,0.6238
2009-11-09,0.6256
2009-11-16,0.6204
2009-11-23,0.6191
2009-11-30,0.6113
2009-12-07,0.6114
2009-12-14,0.6103
2009-12-21,0.6221
2010-01-04,0.6568
2010-01-11,0.6779
2010-01-18,0.6746
2010-01-25,0.6595
2010-02-01,0.6449
2010-02-08,0.6521
2010-02-15,0.6529
2010-02-22,0.67
2010-03-01,0.6854
2010-03-08,0.6865
2010-03-15,0.6951
2010-03-22,0.7001
2010-03-29,0.6997
2010-04-12,0.7265
2010-04-19,0.7233
2010-04-26,0.7268
2010-05-03,0.7402
2010-05-10,0.7399
2010-05-17,0.7346
2010-05-24,0.7072
2010-05-31,0.7041
2010-06-07,0.7167
2010-06-14,0.7208
2010-06-21,0.73
2010-06-28,0.7337
2010-07-05,0.7143
2010-07-12,0.6996
2010-07-19,0.6992
2010-07-26,0.6967
2010-08-02,0.692
2010-08-09,0.7073
2010-08-16,0.6975
2010-08-23,0.6982
2010-08-30,0.6954
2010-09-06,0.6968
2010-09-13,0.7115
2010-09-20,0.7143
2010-09-27,0.7129
2010-10-04,0.7129
2010-10-11,0.7319
2010-10-18,0.7417
2010-10-25,0.7547
2010-11-08,0.7447
2010-11-15,0.7455
2010-11-22,0.7322
2010-11-29,0.743
2010-12-06,0.7775
2010-12-13,0.7939
2010-12-20,0.7947
2011-01-03,0.8134
2011-01-10,0.8159
2011-01-17,0.8325
2011-01-24,0.829
2011-01-31,0.824
2011-02-07,0.8488
2011-02-14,0.8505
2011-02-21,0.8587
2011-02-28,0.9013
2011-03-07,0.9139
2011-03-14,0.9211
2011-03-21,0.9125
2011-03-28,0.9114
2011-04-04,0.9125
2011-04-11,0.9205
2011-04-18,0.917
2011-05-02,0.9076
2011-05-09,0.8766
2011-05-16,0.861
2011-05-23,0.8516
2011-05-30,0.829
2011-06-06,0.8627
2011-06-13,0.8706
2011-06-20,0.8709
2011-06-27,0.8426
2011-07-04,0.8505
2011-07-11,0.8555
2011-07-18,0.8942
2011-07-25,0.8945
2011-08-01,0.8923
2011-08-08,0.8744
2011-08-22,0.8546
2011-08-29,0.8651
2011-09-05,0.88
2011-09-12,0.8935
2011-09-19,0.9007
2011-09-26,0.8921
2011-10-03,0.8722
2011-10-10,0.8846
2011-10-17,0.8991
2011-10-24,0.9099
2011-10-31,0.9118
2011-11-07,0.9156
2011-11-14,0.9377
2011-11-21,0.9389
2011-11-28,0.9435
2011-12-05,0.9448
2011-12-12,0.9394
2011-12-19,0.9322
2012-01-09,0.9605
2012-01-16,0.9742
2012-01-23,0.9688
2012-01-30,0.9624
2012-02-06,0.9711
2012-02-13,1.0122
2012-02-20,1.0244
2012-02-27,1.0158
2012-03-05,1.0074
2012-03-12,1.0114
2012-03-19,1.0151
2012-03-26,1.0116
2012-04-02,1.0004
2012-04-16,0.9933
2012-04-23,0.989
2012-04-30,0.989
2012-05-07,0.984
2012-05-14,0.9638
2012-05-21,0.9547
2012-05-28,0.9436
2012-06-04,0.9361
2012-06-11,0.9086
2012-06-18,0.9013
2012-06-25,0.8833
2012-07-02,0.883
2012-07-09,0.9122
2012-07-16,0.9247
2012-07-23,0.9601
2012-07-30,0.959
2012-08-06,0.9575
2012-08-13,0.9721
2012-08-20,0.9931
2012-08-27,0.9961
2012-09-03,0.9939
2012-09-10,0.992
2012-09-17,0.9836
2012-09-24,0.965
2012-10-01,0.9698
2012-10-08,0.9734
2012-10-15,0.9939
2012-10-22,0.9914
2012-10-29,0.9761
2012-11-05,0.9735
2012-11-12,0.961
2012-11-19,0.9572
2012-11-26,0.9637
2012-12-03,0.9622
2012-12-10,0.9472
2012-12-17,0.9467
2013-01-07,0.9496
2013-01-14,0.9629
2013-01-21,0.9699
2013-01-28,0.9749
2013-02-04,0.9754
2013-02-11,0.9908
2013-02-18,1.0014
2013-02-25,1.0007
2013-03-04,0.988
2013-03-11,0.9731
2013-03-18,0.9701
2013-03-25,0.9561
2013-04-01,0.9625
2013-04-08,0.962
2013-04-15,0.9417
2013-04-22,0.9034
2013-04-29,0.9056
2013-05-06,0.9007
2013-05-13,0.9033
2013-05-20,0.9079
2013-05-27,0.9164
2013-06-03,0.9184
2013-06-10,0.9043
2013-06-17,0.9021
2013-06-24,0.8997
2013-07-01,0.8982
2013-07-08,0.9047
2013-07-15,0.9179
2013-07-22,0.9166
2013-07-29,0.9106
2013-08-05,0.9131
2013-08-12,0.9043
2013-08-19,0.9089
2013-08-26,0.9158
2013-09-02,0.9336
2013-09-09,0.9417
2013-09-16,0.9366
2013-09-23,0.9246
2013-09-30,0.904
2013-10-07,0.8995
2013-10-14,0.9046
2013-10-21,0.9052
2013-10-28,0.8958
2013-11-04,0.8972
2013-11-11,0.8928
2013-11-18,0.8941
2013-11-25,0.901
2013-12-02,0.9092
2013-12-09,0.9143
2013-12-16,0.908
2014-01-06,0.9139
2014-01-13,0.9038
2014-01-20,0.9015
2014-01-27,0.9016
2014-02-03,0.8983
2014-02-10,0.8953
2014-02-17,0.8994
2014-02-24,0.902
2014-03-03,0.8997
2014-03-10,0.8957
2014-03-17,0.8832
2014-03-24,0.8756
2014-03-31,0.8766
2014-04-07,0.8821
2014-04-14,0.8726
2014-04-28,0.8813
2014-05-05,0.8804
2014-05-12,0.8778
2014-05-19,0.8784
2014-05-26,0.8801
2014-06-02,0.8807
2014-06-09,0.8735
2014-06-16,0.8748
2014-06-23,0.8839
2014-06-30,0.8867
2014-07-07,0.8756
2014-07-14,0.8723
2014-07-21,0.8685
2014-07-28,0.8717
2014-08-04,0.8766
2014-08-11,0.8767
2014-08-18,0.8775
2014-08-25,0.8676
2014-09-01,0.8711
2014-09-08,0.8747
2014-09-15,0.8723
2014-09-22,0.8662
2014-09-29,0.8616
2014-10-06,0.8622
2014-10-13,0.848
2014-10-20,0.8233
2014-10-27,0.8165
2014-11-03,0.8242
2014-11-10,0.8248
2014-11-17,0.8152
2014-11-24,0.801
2014-12-01,0.789
2014-12-08,0.7591
2014-12-15,0.7361
2015-01-05,0.7089
2015-01-12,0.6955
2015-01-19,0.6712
2015-01-26,0.6728
2015-02-02,0.6778
2015-02-09,0.7206
2015-02-16,0.7497
2015-02-23,0.76
2015-03-02,0.7623
2015-03-09,0.7719
2015-03-16,0.7685
2015-03-23,0.7442
2015-03-30,0.7468
2015-04-13,0.7373
2015-04-20,0.7577
2015-04-27,0.7683
2015-05-04,0.7722
2015-05-11,0.7813
2015-05-18,0.778
2015-05-25,0.7805
2015-06-01,0.7781
2015-06-08,0.7632
2015-06-15,0.7598
2015-06-22,0.755
2015-06-29,0.7472
2015-07-06,0.7427
2015-07-13,0.7199
2015-07-20,0.714
2015-07-27,0.7031
2015-08-03,0.6894
2015-08-10,0.6822
2015-08-17,0.6818
2015-08-24,0.6763
2015-08-31,0.6679
2015-09-07,0.6888
2015-09-14,0.6928
2015-09-21,0.6887
2015-09-28,0.683
2015-10-05,0.6733
2015-10-12,0.6806
2015-10-19,0.666
2015-10-26,0.6555
2015-11-02,0.6566
2015-11-09,0.6593
2015-11-16,0.6561
2015-11-23,0.6486
2015-11-30,0.6471
2015-12-07,0.6304
2015-12-14,0.5978
2016-01-04,0.5763
2016-01-11,0.5797
2016-01-18,0.5626
2016-01-25,0.5434
2016-02-01,0.5557
2016-02-08,0.5603
2016-02-15,0.5464
2016-02-22,0.5608
2016-02-29,0.5608
2016-03-07,0.5705
2016-03-14,0.5957
2016-03-21,0.5935
2016-04-04,0.5913
2016-04-11,0.5773
2016-04-18,0.5918
2016-04-25,0.6051
2016-05-02,0.624
2016-05-09,0.6221
2016-05-16,0.6255
2016-05-23,0.6578
2016-05-30,0.6882
2016-06-06,0.6859
2016-06-13,0.6771
2016-06-20,0.6584
2016-06-27,0.6598
2016-07-04,0.6595
2016-07-11,0.6471
2016-07-18,0.6416
2016-07-25,0.6348
2016-08-01,0.6158
2016-08-08,0.6042
2016-08-15,0.6123
2016-08-22,0.6389
2016-08-29,0.6435
2016-09-05,0.64
2016-09-12,0.6427
2016-09-19,0.6378
2016-09-26,0.642
2016-10-03,0.6539
2016-10-10,0.6817
2016-10-17,0.7002
2016-10-24,0.7045
2016-10-31,0.7083
2016-11-07,0.6908
2016-11-14,0.6744
2016-11-21,0.6745
2016-11-28,0.6915
2016-12-05,0.7075
2016-12-12,0.7182
2016-12-19,0.7393
2017-01-02,0.7702
2017-01-09,0.7899
2017-01-16,0.7868
2017-01-23,0.7846
2017-01-30,0.7883
2017-02-06,0.7849
2017-02-13,0.7853
2017-02-20,0.7806
2017-02-27,0.7836
2017-03-06,0.7777
2017-03-13,0.768
2017-03-20,0.7448
2017-03-27,0.7375
2017-04-03,0.732
2017-04-10,0.743
2017-04-24,0.7553
2017-05-01,0.74
2017-05-08,0.7194
2017-05-15,0.7153
2017-05-22,0.7145
2017-05-29,0.7149
2017-06-05,0.7034
2017-06-12,0.6873
2017-06-19,0.6818
2017-06-26,0.6713
2017-07-03,0.6722
2017-07-10,0.68
2017-07-17,0.6765
2017-07-24,0.6814
2017-07-31,0.6875
2017-08-07,0.6937
2017-08-14,0.6963
2017-08-21,0.6921
2017-08-28,0.6912
2017-09-04,0.699
2017-09-11,0.7139
2017-09-18,0.7262
2017-09-25,0.7404
2017-10-02,0.7554
2017-10-09,0.7486
2017-10-16,0.7417
2017-10-23,0.7445
2017-10-30,0.7468
2017-11-06,0.7611
2017-11-13,0.784
2017-11-20,0.7835
2017-11-27,0.7883
2017-12-04,0.7853
2017-12-11,0.7861
2017-12-18,0.7935
2018-01-01,0.8246
2018-01-08,0.8765
2018-01-15,0.8733
2018-01-22,0.8696
2018-01-29,0.8665
2018-02-05,0.8665
2018-02-12,0.8589
2018-02-19,0.8416
2018-02-26,0.8492
2018-03-05,0.8585
2018-03-12,0.8474
2018-03-19,0.8391
2018-03-26,0.853
2018-04-09,0.8586
2018-04-16,0.8716
2018-04-23,0.8698
2018-04-30,0.888
2018-05-07,0.8923
2018-05-14,0.9031
2018-05-21,0.9245
2018-05-28,0.936
2018-06-04,0.9261
2018-06-11,0.9165
2018-06-18,0.9166
2018-06-25,0.906
2018-07-02,0.9115
2018-07-09,0.9135
2018-07-16,0.9091
2018-07-23,0.8996
2018-07-30,0.9056
2018-08-06,0.9046
2018-08-13,0.9087
2018-08-20,0.9139
2018-08-27,0.9194
2018-09-03,0.9312
2018-09-10,0.9377
2018-09-17,0.9467
2018-09-24,0.9467
2018-10-01,0.9515
2018-10-08,1.0182
2018-10-15,1.0164
2018-10-22,1.0082
2018-10-29,1.0033
2018-11-05,1.0064
2018-11-12,0.9951
2018-11-19,0.9722
2018-11-26,0.9593
2018-12-03,0.9324
2018-12-10,0.9299
2018-12-17,0.9244
2019-01-07,0.8696
2019-01-14,0.8959
2019-01-21,0.9068
2019-01-28,0.9136
2019-02-04,0.9185
2019-02-11,0.921
2019-02-18,0.9353
2019-02-25,0.954
2019-03-04,0.9535
2019-03-11,0.9509
2019-03-18,0.9477
2019-03-25,0.9415
2019-04-01,0.9401
2019-04-08,0.942
2019-04-15,0.9509
2019-04-29,0.9657
2019-05-06,0.965
2019-05-13,0.9624
2019-05-20,0.9701
2019-05-27,0.9606
2019-06-03,0.9498
2019-06-10,0.9034
2019-06-17,0.8974
2019-06-24,0.8993
2019-07-01,0.9131
2019-07-08,0.9066
2019-07-15,0.9177
2019-07-22,0.9115
2019-07-29,0.9139
2019-08-05,0.9172
2019-08-12,0.8972
2019-08-19,0.9047
2019-08-26,0.9041
2019-09-02,0.9045
2019-09-09,0.9105
2019-09-16,0.9224
2019-09-23,0.9604
2019-09-30,0.9509
2019-10-07,0.9334
2019-10-14,0.928
2019-10-21,0.9244
2019-10-28,0.9256
2019-11-04,0.9239
2019-11-11,0.9275
2019-11-18,0.9303
2019-11-25,0.9328
2019-12-02,0.9387
2019-12-09,0.9452
2019-12-16,0.9514
2020-01-06,0.9776
2020-01-13,0.9737
2020-01-20,0.9574
2020-01-27,0.9328
2020-02-03,0.9053
2020-02-10,0.8861
2020-02-17,0.8851
2020-02-24,0.8924
2020-03-02,0.8618
2020-03-09,0.8495
2020-03-16,0.8
2020-03-23,0.78
2020-03-30,0.7701
2020-04-06,0.7585
2020-04-20,0.7335
2020-04-27,0.712
2020-05-04,0.7063
2020-05-11,0.7215
2020-05-18,0.7296
2020-05-25,0.7557
2020-06-01,0.7573
2020-06-08,0.7461
2020-06-15,0.7505
2020-06-22,0.7493
2020-06-29,0.7413
2020-07-06,0.7354
2020-07-13,0.7409
2020-07-20,0.742
2020-07-27,0.7371
2020-08-03,0.7266
2020-08-10,0.7247
2020-08-17,0.7217
2020-08-24,0.7182
2020-08-31,0.7145
2020-09-07,0.7062
2020-09-14,0.691
2020-09-21,0.6871
2020-09-28,0.6862
2020-10-05,0.6856
2020-10-12,0.6945
2020-10-19,0.6997
2020-10-26,0.6934
2020-11-02,0.6898
2020-11-09,0.6876
2020-11-16,0.7002
2020-11-23,0.7104
2020-11-30,0.7291
2020-12-07,0.736
2020-12-14,0.7444
2020-12-21,0.7539
2021-01-11,0.7747
2021-01-18,0.7914
2021-01-25,0.7915
2021-02-01,0.7919
2021-02-08,0.8057
2021-02-15,0.8264
2021-02-22,0.8422
2021-03-01,0.8484
2021-03-08,0.8518
2021-03-15,0.8659
2021-03-22,0.8571
2021-03-29,0.8453
2021-04-12,0.8398
2021-04-19,0.8468
2021-04-26,0.8452
2021-05-03,0.846
2021-05-10,0.8587
2021-05-17,0.8646
2021-05-24,0.8547
2021-05-31,0.8594
2021-06-07,0.8641
2021-06-14,0.8668
2021-06-21,0.8753
2021-06-28,0.8865
2021-07-05,0.8948
2021-07-12,0.9014
2021-07-19,0.9033
2021-07-26,0.8977
2021-08-02,0.9007
2021-08-09,0.8965
2021-08-16,0.8938
2021-08-23,0.8854
2021-08-30,0.8885
2021-09-06,0.8978
2021-09-13,0.9001
2021-09-20,0.9189
2021-09-27,0.9373
2021-10-04,0.9658
2021-10-11,1.0144
2021-10-18,1.0496
2021-10-25,1.0689
2021-11-01,1.0611
2021-11-08,1.0567
2021-11-15,1.0677
2021-11-22,1.0489
2021-11-29,1.0357
2021-12-06,0.9902
2021-12-13,1.0085
2021-12-20,1.0088
2022-01-03,1.037
2022-01-10,1.0609
2022-01-17,1.0848
2022-01-24,1.1153
2022-01-31,1.1403
2022-02-07,1.1602
2022-02-14,1.1635
2022-02-21,1.1802
2022-02-28,1.2342
2022-03-07,1.4864
2022-03-14,1.7547
2022-03-21,1.6325
2022-03-28,1.603
2022-04-04,1.4813
2022-04-11,1.4838
2022-04-25,1.5409
2022-05-02,1.5633
2022-05-09,1.5817
2022-05-16,1.5139
2022-05-23,1.4825
2022-05-30,1.4975
2022-06-06,1.6089
2022-06-13,1.6876
2022-06-20,1.7265
2022-06-27,1.7267
2022-07-04,1.6718
2022-07-11,1.611
2022-07-18,1.6199
2022-07-25,1.5713
2022-08-01,1.5496
2022-08-08,1.4975
2022-08-15,1.4663
2022-08-22,1.497
2022-08-29,1.6145
2022-09-05,1.5737
2022-09-12,1.5304
2022-09-19,1.4874
2022-09-26,1.51
2022-10-03,1.5617
2022-10-10,1.6751
2022-10-17,1.7047
2022-10-24,1.6625
2022-10-31,1.6034
2022-11-07,1.5704
2022-11-14,1.5276
2022-11-21,1.4483
2022-11-28,1.389
2022-12-05,1.3795
2022-12-12,1.2962
2022-12-19,1.3372
2022-12-26,1.318
2023-01-02,1.3628
2023-01-09,1.332
2023-01-16,1.3552
2023-01-23,1.3775
2023-01-30,1.4006
2023-02-06,1.3441
2023-02-13,1.3075
2023-02-20,1.3051
2023-02-27,1.2815
2023-03-06,1.3055
2023-03-13,1.2938
2023-03-20,1.28
2023-03-27,1.2792
2023-04-03,1.2827
2023-04-10,1.2842
2023-04-17,1.2677
2023-04-24,1.2216
2023-05-01,1.1692
2023-05-08,1.1409
2023-05-15,1.1352
2023-05-22,1.1343
2023-05-29,1.1368
2023-06-05,1.1323
2023-06-12,1.1416
2023-06-19,1.1273
2023-06-26,1.1388
2023-07-03,1.1303
2023-07-10,1.1412
2023-07-17,1.154
2023-07-24,1.1766
2023-07-31,1.2274
2023-08-07,1.2786
2023-08-14,1.3065
2023-08-21,1.3134
2023-08-28,1.3216
2023-09-04,1.3161
2023-09-11,1.349
2023-09-18,1.3935
2023-09-25,1.3918
2023-10-02,1.3925
2023-10-09,1.3385
2023-10-16,1.3334
2023-10-23,1.3534
2023-10-30,1.358
2023-11-06,1.3452
2023-11-13,1.2912
2023-11-20,1.2772
2023-11-27,1.2676
2023-12-04,1.2593
2023-12-11,1.2303
2023-12-18,1.2055
2023-12-25,1.2215
2024-01-01,1.2165
2024-01-08,1.2148
2024-01-15,1.2269
2024-01-22,1.2402
2024-01-29,1.2578
2024-02-05,1.286
2024-02-12,1.2974
2024-02-19,1.2959
2024-02-26,1.2771
2024-03-04,1.2649
2024-03-11,1.2603
2024-03-18,1.2565
2024-03-25,1.2622
2024-04-01,1.2593
2024-04-08,1.2769
2024-04-15,1.268
2024-04-22,1.258
2024-04-29,1.2473
2024-05-06,1.2419
2024-05-13,1.2251
2024-05-20,1.2102
2024-05-27,1.1965
2024-06-03,1.1902
2024-06-10,1.1564
2024-06-17,1.1878
2024-06-24,1.2102
2024-07-01,1.2202
2024-07-08,1.2276
2024-07-15,1.2112
2024-07-22,1.1985
2024-07-29,1.1871
2024-08-05,1.1783
2024-08-12,1.1504
2024-08-19,1.1554
2024-08-26,1.1318
2024-09-02,1.1398
2024-09-09,1.1396
2024-09-16,1.1354
2024-09-23,1.1368
2024-09-30,1.1357
2024-10-07,1.1551
2024-10-14,1.1732
2024-10-21,1.1547
2024-10-28,1.1525
2024-11-04,1.1408
2024-11-11,1.1499
2024-11-18,1.1509
2024-11-25,1.1666
2024-12-02,1.154
2024-12-09,1.1464
2024-12-16,1.1523
2024-12-23,1.1574
2024-12-30,1.1627
2025-01-06,1.1778
2025-01-13,1.1881
2025-01-20,1.2486
2025-01-27,1.2323
2025-02-03,1.2072
2025-02-10,1.2055
2025-02-17,1.2117
2025-02-24,1.2103
2025-03-03,1.1935
2025-03-10,1.1681
2025-03-17,1.1381
2025-03-24,1.1329
2025-03-31,1.144
2025-04-07,1.1417
2025-04-14,1.0978
2025-04-21,1.0818
2025-04-28,1.081
2025-05-05,1.0713
2025-05-12,1.0634
2025-05-19,1.0745
2025-05-26,1.0661
2025-06-02,1.0644
2025-06-09,1.0586
2025-06-16,1.0883
2025-06-23,1.1797
2025-06-30,1.1603
2025-07-07,1.1491
2025-07-14,1.139
2025-07-21,1.1458
2025-07-28,1.1406
2025-08-04,1.1432
2025-08-11,1.1223
2025-08-18,1.1056
2025-08-25,1.1029
2025-09-01,1.1043
2025-09-08,1.1058
2025-09-15,1.1148
2025-09-22,1.111
2025-09-29,1.1183
2025-10-06,1.1194
2025-10-13,1.1083
2025-10-20,1.0984
2025-10-27,1.1108
2025-11-03,1.1349
2025-11-10,1.145
2025-11-17,1.1612
2025-11-24,1.1821
2025-12-01,1.1443
2025-12-08,1.1203
2025-12-15,1.1043
2025-12-22,1.0769
2025-12-29,1.0927
2026-01-05,1.1461
2026-01-12,1.1556
2026-01-19,1.1755
2026-01-26,1.2758
2026-02-02,1.1878
2026-02-09,1.1915
2026-02-16,1.1881
2026-02-23,1.2035
2026-03-02,1.225
2026-03-09,1.5493
2026-03-16,1.6606
2026-03-23,1.7767
2026-03-30,1.7411
2026-04-06,1.8732
2026-04-13,1.815
2026-04-20,1.72
2026-04-27,1.6972
2026-05-04,1.7628
2026-05-11,1.6826
2026-05-18,1.6776
2026-05-25,1.672
2026-06-01,1.5716
2026-06-08,1.5921
2026-06-15,1.5447
2026-06-22,1.4306
2026-06-29,1.4008
2026-07-06,1.4206
2026-07-13,1.5057
2026-07-20,1.6053
2026-07-27,1.6917
2026-08-03,1.7119
2026-08-10,1.6462
2026-08-17,1.6962
2026-08-24,1.7243
2026-08-31,1.6724
2026-09-07,1.7925
2026-09-14,1.8535
