# Índice de precios: combustibles sólidos (leña, pellet, carbón) (AT)
# Unidad: índice 2015=100
# Fuente: Eurostat - https://ec.europa.eu/eurostat
# Licencia: CC BY 4.0 - https://ec.europa.eu/eurostat/web/main/help/copyright-notice
# Cita obligatoria: Fuente: Eurostat
# Recopilado por Observatorio de precios de cristalesparachimeneas.es - generado 2026-09-12T03:29:10+00:00
date,value
1996-01-01,62.71
1996-02-01,63.19
1996-03-01,62.94
1996-04-01,62.56
1996-05-01,61.75
1996-06-01,61.53
1996-07-01,61.59
1996-08-01,61.66
1996-09-01,61.79
1996-10-01,63.04
1996-11-01,64.7
1996-12-01,65.4
1997-01-01,65.65
1997-02-01,66.25
1997-03-01,66.23
1997-04-01,65.6
1997-05-01,63.75
1997-06-01,63.47
1997-07-01,63.63
1997-08-01,63.59
1997-09-01,63.89
1997-10-01,65.48
1997-11-01,66.15
1997-12-01,66.16
1998-01-01,66.27
1998-02-01,66.17
1998-03-01,66.38
1998-04-01,65.84
1998-05-01,63.19
1998-06-01,62.81
1998-07-01,62.83
1998-08-01,62.99
1998-09-01,63.78
1998-10-01,64.13
1998-11-01,65.4
1998-12-01,65.43
1999-01-01,65.44
1999-02-01,65.4
1999-03-01,65.41
1999-04-01,64.98
1999-05-01,63.62
1999-06-01,63.21
1999-07-01,63.16
1999-08-01,63.05
1999-09-01,63.09
1999-10-01,64.15
1999-11-01,65.19
1999-12-01,65.43
2000-01-01,65.52
2000-02-01,65.77
2000-03-01,66.36
2000-04-01,65.17
2000-05-01,65.74
2000-06-01,65
2000-07-01,64.73
2000-08-01,64.66
2000-09-01,64.9
2000-10-01,66.59
2000-11-01,68.05
2000-12-01,69.31
2001-01-01,69.47
2001-02-01,69.65
2001-03-01,69.54
2001-04-01,69.42
2001-05-01,68.15
2001-06-01,67.34
2001-07-01,66.97
2001-08-01,67
2001-09-01,67.38
2001-10-01,68.43
2001-11-01,69.29
2001-12-01,69.54
2002-01-01,70.05
2002-02-01,69.83
2002-03-01,69.8
2002-04-01,69.05
2002-05-01,68.76
2002-06-01,68.85
2002-07-01,68.39
2002-08-01,68.38
2002-09-01,68.57
2002-10-01,68.87
2002-11-01,70.55
2002-12-01,70.66
2003-01-01,71.48
2003-02-01,71.46
2003-03-01,71.52
2003-04-01,71.38
2003-05-01,70.93
2003-06-01,70.9
2003-07-01,70.83
2003-08-01,70.59
2003-09-01,70.77
2003-10-01,71.59
2003-11-01,72.02
2003-12-01,72
2004-01-01,73.17
2004-02-01,73.61
2004-03-01,74.67
2004-04-01,74.29
2004-05-01,74.5
2004-06-01,73.9
2004-07-01,74.4
2004-08-01,74.15
2004-09-01,74.25
2004-10-01,74.31
2004-11-01,75.27
2004-12-01,75.7
2005-01-01,75.92
2005-02-01,75.99
2005-03-01,76.09
2005-04-01,76.08
2005-05-01,75.28
2005-06-01,75.35
2005-07-01,75.45
2005-08-01,75.23
2005-09-01,75.89
2005-10-01,78.25
2005-11-01,79.28
2005-12-01,79.47
2006-01-01,79.71
2006-02-01,80.05
2006-03-01,80.18
2006-04-01,79.67
2006-05-01,79.32
2006-06-01,79.52
2006-07-01,79.82
2006-08-01,80.09
2006-09-01,81.19
2006-10-01,83.13
2006-11-01,85.41
2006-12-01,85.74
2007-01-01,86.73
2007-02-01,86.98
2007-03-01,86.98
2007-04-01,86.48
2007-05-01,85.82
2007-06-01,84.7
2007-07-01,84.66
2007-08-01,84.65
2007-09-01,85.1
2007-10-01,84.91
2007-11-01,85.52
2007-12-01,85.66
2008-01-01,86.17
2008-02-01,85.51
2008-03-01,85.45
2008-04-01,84.35
2008-05-01,83.8
2008-06-01,83.34
2008-07-01,82.24
2008-08-01,84.13
2008-09-01,84.71
2008-10-01,85.68
2008-11-01,86.05
2008-12-01,86.2
2009-01-01,86.1
2009-02-01,86.05
2009-03-01,86.33
2009-04-01,87.25
2009-05-01,86.54
2009-06-01,86.63
2009-07-01,86.49
2009-08-01,84.85
2009-09-01,85.68
2009-10-01,86.99
2009-11-01,88.05
2009-12-01,88.01
2010-01-01,87.65
2010-02-01,88.01
2010-03-01,88.11
2010-04-01,88.01
2010-05-01,87.59
2010-06-01,87.5
2010-07-01,87.17
2010-08-01,86.66
2010-09-01,87.85
2010-10-01,87.63
2010-11-01,88.34
2010-12-01,88.49
2011-01-01,89.59
2011-02-01,90.28
2011-03-01,90.15
2011-04-01,90.49
2011-05-01,90.34
2011-06-01,90.33
2011-07-01,90.85
2011-08-01,91.3
2011-09-01,91.4
2011-10-01,91.77
2011-11-01,92.33
2011-12-01,92.33
2012-01-01,92.61
2012-02-01,90.32
2012-03-01,92.4
2012-04-01,91.7
2012-05-01,91.42
2012-06-01,91.34
2012-07-01,92.01
2012-08-01,91.92
2012-09-01,92.61
2012-10-01,93.09
2012-11-01,93.7
2012-12-01,93.73
2013-01-01,94.16
2013-02-01,94.46
2013-03-01,94.8
2013-04-01,94.29
2013-05-01,94.02
2013-06-01,94
2013-07-01,94.4
2013-08-01,94.61
2013-09-01,94.9
2013-10-01,96.85
2013-11-01,96.82
2013-12-01,97.16
2014-01-01,98.92
2014-02-01,99.38
2014-03-01,99.58
2014-04-01,99.02
2014-05-01,98.47
2014-06-01,98.37
2014-07-01,97.88
2014-08-01,98.18
2014-09-01,98.72
2014-10-01,100.3
2014-11-01,99.67
2014-12-01,100.49
2015-01-01,100.9
2015-02-01,100.86
2015-03-01,100.5
2015-04-01,99.76
2015-05-01,99.56
2015-06-01,99.16
2015-07-01,99.39
2015-08-01,98.81
2015-09-01,99.24
2015-10-01,99.48
2015-11-01,101.43
2015-12-01,100.9
2016-01-01,102.46
2016-02-01,102.03
2016-03-01,100.96
2016-04-01,99.75
2016-05-01,99.79
2016-06-01,98.71
2016-07-01,98.66
2016-08-01,98.16
2016-09-01,99.19
2016-10-01,98.1
2016-11-01,98.91
2016-12-01,99.46
2017-01-01,100.16
2017-02-01,101.1
2017-03-01,101.12
2017-04-01,100.66
2017-05-01,101.38
2017-06-01,100.97
2017-07-01,100.38
2017-08-01,100.63
2017-09-01,100.83
2017-10-01,102.37
2017-11-01,103.2
2017-12-01,104.06
2018-01-01,105.27
2018-02-01,106.34
2018-03-01,107.14
2018-04-01,106.83
2018-05-01,107.29
2018-06-01,107.94
2018-07-01,108.54
2018-08-01,109.21
2018-09-01,110.35
2018-10-01,111.47
2018-11-01,113.21
2018-12-01,112.76
2019-01-01,113.49
2019-02-01,113.65
2019-03-01,113.8
2019-04-01,113.02
2019-05-01,112.37
2019-06-01,112.65
2019-07-01,112.81
2019-08-01,113.76
2019-09-01,112.9
2019-10-01,114.28
2019-11-01,115.35
2019-12-01,115.83
2020-01-01,116.85
2020-02-01,116.24
2020-03-01,116.12
2020-04-01,115.75
2020-05-01,113.92
2020-06-01,113.49
2020-07-01,113.18
2020-08-01,113.23
2020-09-01,113.45
2020-10-01,113.4
2020-11-01,113.96
2020-12-01,114.21
2021-01-01,114.57
2021-02-01,115.21
2021-03-01,115.29
2021-04-01,114.57
2021-05-01,114.49
2021-06-01,113.98
2021-07-01,115.13
2021-08-01,115.69
2021-09-01,118.12
2021-10-01,120.24
2021-11-01,123.17
2021-12-01,125.71
2022-01-01,128.48
2022-02-01,129.92
2022-03-01,137.59
2022-04-01,144
2022-05-01,152.49
2022-06-01,160.67
2022-07-01,183.46
2022-08-01,199.51
2022-09-01,233.77
2022-10-01,255.24
2022-11-01,255.46
2022-12-01,247.42
2023-01-01,244.46
2023-02-01,230.57
2023-03-01,214.56
2023-04-01,208.71
2023-05-01,205.58
2023-06-01,192.32
2023-07-01,192.06
2023-08-01,193.16
2023-09-01,196.18
2023-10-01,192.84
2023-11-01,192.03
2023-12-01,190.29
2024-01-01,187.88
2024-02-01,184.05
2024-03-01,180.11
2024-04-01,173.41
2024-05-01,172.22
2024-06-01,166.53
2024-07-01,168.04
2024-08-01,167.11
2024-09-01,165.07
2024-10-01,165.36
2024-11-01,163.58
2024-12-01,163.06
2025-01-01,163.21
2025-02-01,163.59
2025-03-01,162.4
2025-04-01,159.16
2025-05-01,158.58
2025-06-01,158.91
2025-07-01,159.82
2025-08-01,160.44
2025-09-01,163.37
2025-10-01,165.53
2025-11-01,168.33
2025-12-01,169.6
2026-01-01,170.66
2026-02-01,174.84
2026-03-01,175.68
2026-04-01,174.82
2026-05-01,176.53
2026-06-01,175.8
2026-07-01,180.23
