# Precios industriales: aparatos domésticos no eléctricos, estufas (NACE C27.52) (IT)
# Unidad: índice 2021=100
# Fuente: Eurostat - https://ec.europa.eu/eurostat
# Licencia: CC BY 4.0 - https://ec.europa.eu/eurostat/web/main/help/copyright-notice
# Cita obligatoria: Fuente: Eurostat
# Recopilado por Observatorio de precios de cristalesparachimeneas.es - generado 2026-09-14T09:18:40+00:00
date,value
2000-01-01,80.5
2000-02-01,80.6
2000-03-01,80.7
2000-04-01,80.6
2000-05-01,80.5
2000-06-01,80.7
2000-07-01,80.7
2000-08-01,80.6
2000-09-01,80.5
2000-10-01,80.5
2000-11-01,80.4
2000-12-01,80.3
2001-01-01,80.5
2001-02-01,80.7
2001-03-01,80.8
2001-04-01,81
2001-05-01,80.7
2001-06-01,80.7
2001-07-01,80.6
2001-08-01,81.7
2001-09-01,81.8
2001-10-01,82
2001-11-01,81.6
2001-12-01,81.6
2002-01-01,81.9
2002-02-01,81.8
2002-03-01,81.8
2002-04-01,82.1
2002-05-01,83.2
2002-06-01,83.2
2002-07-01,83.2
2002-08-01,83.2
2002-09-01,83.2
2002-10-01,83.2
2002-11-01,83.3
2002-12-01,83.4
2003-01-01,83.2
2003-02-01,83
2003-03-01,83
2003-04-01,83
2003-05-01,82.9
2003-06-01,82.2
2003-07-01,82.2
2003-08-01,82.2
2003-09-01,82.5
2003-10-01,82.5
2003-11-01,83.3
2003-12-01,83.3
2004-01-01,84.9
2004-02-01,84.8
2004-03-01,84.5
2004-04-01,84.9
2004-05-01,85.1
2004-06-01,85
2004-07-01,85
2004-08-01,85.5
2004-09-01,85.4
2004-10-01,86.6
2004-11-01,86.6
2004-12-01,86.6
2005-01-01,85
2005-02-01,85.4
2005-03-01,85.4
2005-04-01,85.5
2005-05-01,85.5
2005-06-01,85.5
2005-07-01,85.5
2005-08-01,85.8
2005-09-01,85.8
2005-10-01,85.8
2005-11-01,85.8
2005-12-01,85.8
2006-01-01,85.8
2006-02-01,85.3
2006-03-01,86.5
2006-04-01,86.6
2006-05-01,86.9
2006-06-01,86.4
2006-07-01,86.3
2006-08-01,86.2
2006-09-01,85.9
2006-10-01,87.4
2006-11-01,87.4
2006-12-01,87.5
2007-01-01,88.1
2007-02-01,88.9
2007-03-01,89.2
2007-04-01,89.3
2007-05-01,88.8
2007-06-01,88.6
2007-07-01,88.7
2007-08-01,88.7
2007-09-01,89.7
2007-10-01,90
2007-11-01,90.1
2007-12-01,89.9
2008-01-01,90.3
2008-02-01,90.5
2008-03-01,90.1
2008-04-01,90.3
2008-05-01,90.5
2008-06-01,90.5
2008-07-01,90.7
2008-08-01,91.3
2008-09-01,91.3
2008-10-01,90.9
2008-11-01,91.7
2008-12-01,91.6
2009-01-01,91.2
2009-02-01,91.6
2009-03-01,93.2
2009-04-01,91.6
2009-05-01,93
2009-06-01,92.8
2009-07-01,92.8
2009-08-01,91.3
2009-09-01,91.6
2009-10-01,93.2
2009-11-01,93.2
2009-12-01,92.8
2010-01-01,92.9
2010-02-01,92.9
2010-03-01,92.9
2010-04-01,92.9
2010-05-01,92.9
2010-06-01,92.9
2010-07-01,92.9
2010-08-01,93
2010-09-01,92.9
2010-10-01,93
2010-11-01,93
2010-12-01,92.9
2011-01-01,93
2011-02-01,92.7
2011-03-01,89.5
2011-04-01,89.6
2011-05-01,89.9
2011-06-01,88.6
2011-07-01,88.7
2011-08-01,89.7
2011-09-01,92.4
2011-10-01,93.5
2011-11-01,93.7
2011-12-01,96.3
2012-01-01,95.4
2012-02-01,95.7
2012-03-01,95.5
2012-04-01,95.9
2012-05-01,95.3
2012-06-01,95.9
2012-07-01,97.2
2012-08-01,95.4
2012-09-01,96.2
2012-10-01,95.6
2012-11-01,96.2
2012-12-01,96.1
2013-01-01,95.6
2013-02-01,96.5
2013-03-01,94.7
2013-04-01,93.6
2013-05-01,94.1
2013-06-01,94.8
2013-07-01,94.9
2013-08-01,95.3
2013-09-01,96
2013-10-01,96.1
2013-11-01,97
2013-12-01,97.3
2014-01-01,97.6
2014-02-01,97.7
2014-03-01,97.7
2014-04-01,97.2
2014-05-01,96.6
2014-06-01,96.7
2014-07-01,97.1
2014-08-01,96.8
2014-09-01,97.1
2014-10-01,94.9
2014-11-01,97.2
2014-12-01,97.8
2015-01-01,97.6
2015-02-01,97.8
2015-03-01,98
2015-04-01,97.9
2015-05-01,97.7
2015-06-01,97.7
2015-07-01,98
2015-08-01,98.3
2015-09-01,95.9
2015-10-01,94.1
2015-11-01,94.1
2015-12-01,94.6
2016-01-01,94.7
2016-02-01,95
2016-03-01,94.5
2016-04-01,94.3
2016-05-01,94
2016-06-01,93.7
2016-07-01,93.7
2016-08-01,93.7
2016-09-01,93.8
2016-10-01,93.6
2016-11-01,91.7
2016-12-01,92.6
2017-01-01,93.4
2017-02-01,93.7
2017-03-01,93.4
2017-04-01,93.5
2017-05-01,93.2
2017-06-01,92.8
2017-07-01,92.8
2017-08-01,93.7
2017-09-01,93.1
2017-10-01,93.6
2017-11-01,93.8
2017-12-01,94.3
2018-01-01,95.2
2018-02-01,97
2018-03-01,97
2018-04-01,95.5
2018-05-01,95.8
2018-06-01,95.4
2018-07-01,95.2
2018-08-01,95.2
2018-09-01,95.2
2018-10-01,95.1
2018-11-01,95
2018-12-01,97.1
2019-01-01,98.3
2019-02-01,98
2019-03-01,98.4
2019-04-01,98.6
2019-05-01,98.2
2019-06-01,98.5
2019-07-01,98.5
2019-08-01,98.9
2019-09-01,98.6
2019-10-01,100.5
2019-11-01,100.9
2019-12-01,101.3
2020-01-01,101.3
2020-02-01,100.5
2020-03-01,100.2
2020-04-01,100.5
2020-05-01,100.4
2020-06-01,99.9
2020-07-01,99.8
2020-08-01,100
2020-09-01,99.3
2020-10-01,99.1
2020-11-01,99.3
2020-12-01,98.7
2021-01-01,98.5
2021-02-01,98.9
2021-03-01,99.1
2021-04-01,99.2
2021-05-01,98.9
2021-06-01,99
2021-07-01,100.3
2021-08-01,99.4
2021-09-01,100.6
2021-10-01,101.7
2021-11-01,101.9
2021-12-01,102.5
2022-01-01,103.8
2022-02-01,103.8
2022-03-01,105.1
2022-04-01,106.2
2022-05-01,107.7
2022-06-01,108
2022-07-01,107.4
2022-08-01,108.1
2022-09-01,108.4
2022-10-01,111.4
2022-11-01,111.5
2022-12-01,111.3
2023-01-01,110.8
2023-02-01,112.7
2023-03-01,111.6
2023-04-01,112.1
2023-05-01,113.5
2023-06-01,113.4
2023-07-01,112.4
2023-08-01,111.8
2023-09-01,112.1
2023-10-01,112.8
2023-11-01,114.1
2023-12-01,112.7
2024-01-01,113.7
2024-02-01,113.3
2024-03-01,113.9
2024-04-01,112.5
2024-05-01,112.1
2024-06-01,111.8
2024-07-01,110.9
2024-08-01,111.7
2024-09-01,111
2024-10-01,112
2024-11-01,112.2
2024-12-01,112.9
2025-01-01,112.1
2025-02-01,110.3
2025-03-01,111.7
2025-04-01,112.9
2025-05-01,115.7
2025-06-01,116
2025-07-01,114.8
2025-08-01,114.9
2025-09-01,117.1
2025-10-01,116
2025-11-01,117.8
2025-12-01,119.6
2026-01-01,119.3
2026-02-01,120.7
2026-03-01,120.8
2026-04-01,122.1
2026-05-01,124.7
2026-06-01,124.9
2026-07-01,123.8
